[
{"pk": 1, 
	"model": "lims.laboratory", 
	"fields": {"city": "Saskatoon", 
	"name": "Canadian Light source", 
	"created": "2008-07-14 12:08:53", 
	"country": "Canada", 
	"organisation": "", 
	"contact_fax": "306-657-3735", 
	"modified": "2008-07-14 12:08:53", 
	"postal_code": "S7N 0XN", 
	"address": "101 Perimeter Road", 
	"contact_phone": "306-657-3758"}},

 {"pk": 1, 
	"model": "lims.project", 
	"fields": {"name": "P1-CLS", 
	"end_date": "2008-09-30", 
	"title": "Structural Studies", 
	"created": "2008-07-14 12:09:02", 
	"modified": "2008-07-14 12:09:02", 
	"lab": 1, 
	"summary": "Project summary", 
	"user": 1, 
	"beam_time": 100.0, 
	"start_date": "2008-07-14"}},

 {"pk": 2, 
	"model": "lims.project", 
	"fields": {"name": "P2-CLS", 
	"end_date": "2009-01-31", 
	"title": "Structural Studies of Heme Biosynthesis", 
	"created": "2008-07-14 12:09:32", 
	"modified": "2008-07-14 12:09:32", 
	"lab": 1, 
	"summary": "Lorem Ipsum", 
	"user": 2, 
	"beam_time": 135.0, 
	"start_date": "2008-07-14"}},

 {"pk": 3, 
	"model": "lims.project", 
	"fields": {"name": "P3-CLS", 
	"end_date": "2008-07-16", 
	"title": "Testing", 
	"created": "2008-07-16 14:35:36", 
	"modified": "2008-07-16 14:35:36", 
	"lab": 1, 
	"summary": "Testing", 
	"user": 3, 
	"beam_time": 0.0, 
	"start_date": "2008-07-16"}},

 {"pk": 1, 
	"model": "lims.constituent", 
	"fields": {"is_explosive": 0, 
	"kind": 3, 
	"is_corrosive": 0, 
	"name": "Ferrochelatase", 
	"created": "2008-07-18 06:16:29", 
	"acronym": "FECH", 
	"is_toxic": 0, 
	"is_inflamable": 0, 
	"modified": "2008-07-18 06:16:29", 
	"project": 2, 
	"source": 1, 
	"hazard_details": "", 
	"is_oxidising": 0, 
	"is_radioactive": 0, 
	"is_biological_hazard": 0, 
	"is_contaminant": 0}},

 {"pk": 2, 
	"model": "lims.constituent", 
	"fields": {"is_explosive": 0, 
	"kind": 0, 
	"is_corrosive": 0, 
	"name": "N-methylmesoporphyrin", 
	"created": "2008-07-18 06:17:17", 
	"acronym": "MMP", 
	"is_toxic": 0, 
	"is_inflamable": 0, 
	"modified": "2008-07-18 06:17:17", 
	"project": 2, 
	"source": 0, 
	"hazard_details": "", 
	"is_oxidising": 0, 
	"is_radioactive": 0, 
	"is_biological_hazard": 0, 
	"is_contaminant": 0}},

 {"pk": 3, 
	"model": "lims.constituent", 
	"fields": {"is_explosive": 0, 
	"kind": 0, 
	"is_corrosive": 0, 
	"name": "Tris", 
	"created": "2008-07-18 06:17:52", 
	"acronym": "Tris", 
	"is_toxic": 0, 
	"is_inflamable": 0, 
	"modified": "2008-07-18 06:17:52", 
	"project": 2, 
	"source": 0, 
	"hazard_details": "", 
	"is_oxidising": 0, 
	"is_radioactive": 0, 
	"is_biological_hazard": 0, 
	"is_contaminant": 0}},

 {"pk": 4, 
	"model": "lims.constituent", 
	"fields": {"is_explosive": 0, 
	"kind": 2, 
	"is_corrosive": 0, 
	"name": "Magnesium Chloride", 
	"created": "2008-07-18 06:19:03", 
	"acronym": "MgCl2", 
	"is_toxic": 0, 
	"is_inflamable": 0, 
	"modified": "2008-07-18 06:19:03", 
	"project": 2, 
	"source": 0, 
	"hazard_details": "", 
	"is_oxidising": 0, 
	"is_radioactive": 0, 
	"is_biological_hazard": 0, 
	"is_contaminant": 0}},

 {"pk": 5, 
	"model": "lims.constituent", 
	"fields": {"is_explosive": 0, 
	"kind": 0, 
	"is_corrosive": 0, 
	"name": "Polyethylene Glycol 4000", 
	"created": "2008-07-18 06:19:30", 
	"acronym": "PEG4000", 
	"is_toxic": 0, 
	"is_inflamable": 0, 
	"modified": "2008-07-18 06:19:30", 
	"project": 2, 
	"source": 0, 
	"hazard_details": "", 
	"is_oxidising": 0, 
	"is_radioactive": 0, 
	"is_biological_hazard": 0, 
	"is_contaminant": 0}},

 {"pk": 1, 
	"model": "lims.carrier", 
	"fields": {"phone_number": "800-742-5877", 
	"code_regex": "^(1Z)", 
	"url": "http://wwwapps.ups.com/etracking/tracking.cgi?TypeOfInquiryNumber=T&AcceptUPSLicenseAgreement=yes&submit=Track&InquiryNumber1=", 
	"name": "UPS", 
	"fax_number": ""}},

 {"pk": 2, 
	"model": "lims.carrier", 
	"fields": {"phone_number": "866-607-6301", 
	"code_regex": "(CA)$", 
	"url": "https://obc.canadapost.ca/emo/basicPin.do?trackingCode=PIN&action=query&language=en&sblid=dcsubmitted&trackingId=", 
	"name": "Canada Post", 
	"fax_number": ""}},

 {"pk": 3, 
	"model": "lims.carrier", 
	"fields": {"phone_number": "800-463-3339", 
	"code_regex": "^\\d{12,19}$", 
	"url": "http://www.fedex.com/Tracking?action=track&tracknumbers=", 
	"name": "FedEx", 
	"fax_number": ""}},

 {"pk": 4, 
	"model": "lims.carrier", 
	"fields": {"phone_number": "800-222-1811", 
	"code_regex": "\\d{20,}", 
	"url": "http://trkcnfrm1.smi.usps.com/PTSInternetWeb/InterLabelInquiry.do?origTrackNum=", 
	"name": "USPS", 
	"fax_number": ""}},

 {"pk": 5, 
	"model": "lims.carrier", 
	"fields": {"phone_number": "800-225-5345", 
	"code_regex": "^\\d{10,11}$", 
	"url": "http://track.dhl-usa.com/TrackByNbr.asp?ShipmentNumber=", 
	"name": "DHL", 
	"fax_number": ""}},

 {"pk": 6, 
	"model": "lims.carrier", 
	"fields": {"phone_number": "888-744-7123", 
	"code_regex": "*", 
	"url": "http://shipnow.purolator.com/shiponline/track/purolatortrack.asp?pinno=", 
	"name": "Purolator", 
	"fax_number": ""}},

 {"pk": 1, 
	"model": "lims.shipment", 
	"fields": {"status": 0, 
	"tracking_code": null, 
	"date_shipped": null, 
	"created": "2008-08-18 13:17:57", 
	"modified": "2008-08-18 13:17:57", 
	"return_code": null, 
	"comments": "", 
	"label": "Shipment1", 
	"project": 2, 
	"date_returned": null, 
	"carrier": null, 
	"date_received": null}},

 {"pk": 1, 
	"model": "lims.dewar", 
	"fields": {"storage_location": null, 
	"created": "2008-08-18 13:18:10", 
	"modified": "2008-08-18 13:21:38", 
	"comments": "", 
	"label": "Dewar1", 
	"project": 2, 
	"code": "", 
	"shipment": 1}},

 {"pk": 2, 
	"model": "lims.dewar", 
	"fields": {"storage_location": null, 
	"created": "2008-08-18 13:21:52", 
	"modified": "2008-08-18 13:21:52", 
	"comments": "", 
	"label": "Dewar2", 
	"project": 2, 
	"code": "", 
	"shipment": 1}},

 {"pk": 3, 
	"model": "lims.dewar", 
	"fields": {"storage_location": null, 
	"created": "2008-08-18 13:24:46", 
	"modified": "2008-08-18 13:24:46", 
	"comments": "", 
	"label": "Dewar3", 
	"project": 2, 
	"code": "", 
	"shipment": 1}},

 {"pk": 1, 
	"model": "lims.container", 
	"fields": {"kind": 1, 
	"code": "", 
	"created": "2008-08-18 13:30:30", 
	"modified": "2008-08-18 13:30:30", 
	"comments": "", 
	"label": "Cane-1", 
	"project": 2, 
	"dewar": 3}},

 {"pk": 2, 
	"model": "lims.container", 
	"fields": {"kind": 1, 
	"code": "", 
	"created": "2008-08-18 13:30:39", 
	"modified": "2008-08-18 13:30:39", 
	"comments": "", 
	"label": "Cane-2", 
	"project": 2, 
	"dewar": 3}},

 {"pk": 3, 
	"model": "lims.container", 
	"fields": {"kind": 4, 
	"code": "", 
	"created": "2008-08-18 13:30:57", 
	"modified": "2008-08-18 13:30:57", 
	"comments": "", 
	"label": "Puck1", 
	"project": 2, 
	"dewar": 2}},

 {"pk": 4, 
	"model": "lims.container", 
	"fields": {"kind": 4, 
	"code": "", 
	"created": "2008-08-18 13:31:08", 
	"modified": "2008-08-18 13:31:08", 
	"comments": "", 
	"label": "Puck2", 
	"project": 2, 
	"dewar": 2}},

 {"pk": 5, 
	"model": "lims.container", 
	"fields": {"kind": 2, 
	"code": "", 
	"created": "2008-08-18 13:31:26", 
	"modified": "2008-08-18 13:31:26", 
	"comments": "", 
	"label": "Cassette1", 
	"project": 2, 
	"dewar": 1}},

 {"pk": 6, 
	"model": "lims.container", 
	"fields": {"kind": 2, 
	"code": "", 
	"created": "2008-08-18 13:31:38", 
	"modified": "2008-08-18 13:31:38", 
	"comments": "", 
	"label": "Cassette2", 
	"project": 2, 
	"dewar": 1}},

 {"pk": 1, 
	"model": "lims.spacegroup", 
	"fields": {"lattice_type": "P", 
	"crystal_system": "a", 
	"name": "P1"}},

 {"pk": 3, 
	"model": "lims.spacegroup", 
	"fields": {"lattice_type": "P", 
	"crystal_system": "m", 
	"name": "P2"}},

 {"pk": 4, 
	"model": "lims.spacegroup", 
	"fields": {"lattice_type": "P", 
	"crystal_system": "m", 
	"name": "P2(1)"}},

 {"pk": 5, 
	"model": "lims.spacegroup", 
	"fields": {"lattice_type": "C", 
	"crystal_system": "m", 
	"name": "C2"}},

 {"pk": 207, 
	"model": "lims.spacegroup", 
	"fields": {"lattice_type": "P", 
	"crystal_system": "c", 
	"name": "P432"}},

 {"pk": 151, 
	"model": "lims.spacegroup", 
	"fields": {"lattice_type": "P", 
	"crystal_system": "h", 
	"name": "P3(1)12"}},

 {"pk": 143, 
	"model": "lims.spacegroup", 
	"fields": {"lattice_type": "P", 
	"crystal_system": "h", 
	"name": "P3"}},

 {"pk": 16, 
	"model": "lims.spacegroup", 
	"fields": {"lattice_type": "P", 
	"crystal_system": "o", 
	"name": "P222"}},

 {"pk": 17, 
	"model": "lims.spacegroup", 
	"fields": {"lattice_type": "P", 
	"crystal_system": "o", 
	"name": "P222(1)"}},

 {"pk": 18, 
	"model": "lims.spacegroup", 
	"fields": {"lattice_type": "P", 
	"crystal_system": "o", 
	"name": "P2(1)2(1)2"}},

 {"pk": 19, 
	"model": "lims.spacegroup", 
	"fields": {"lattice_type": "P", 
	"crystal_system": "o", 
	"name": "P2(1)2(1)2(1)"}},

 {"pk": 20, 
	"model": "lims.spacegroup", 
	"fields": {"lattice_type": "C", 
	"crystal_system": "o", 
	"name": "C222(1)"}},

 {"pk": 21, 
	"model": "lims.spacegroup", 
	"fields": {"lattice_type": "C", 
	"crystal_system": "o", 
	"name": "C222"}},

 {"pk": 22, 
	"model": "lims.spacegroup", 
	"fields": {"lattice_type": "F", 
	"crystal_system": "o", 
	"name": "F222"}},

 {"pk": 23, 
	"model": "lims.spacegroup", 
	"fields": {"lattice_type": "I", 
	"crystal_system": "o", 
	"name": "I222"}},

 {"pk": 24, 
	"model": "lims.spacegroup", 
	"fields": {"lattice_type": "I", 
	"crystal_system": "o", 
	"name": "I2(1)2(1)2(1)"}},

 {"pk": 153, 
	"model": "lims.spacegroup", 
	"fields": {"lattice_type": "P", 
	"crystal_system": "h", 
	"name": "P3(2)12"}},

 {"pk": 154, 
	"model": "lims.spacegroup", 
	"fields": {"lattice_type": "P", 
	"crystal_system": "h", 
	"name": "P3(2)21"}},

 {"pk": 155, 
	"model": "lims.spacegroup", 
	"fields": {"lattice_type": "R", 
	"crystal_system": "h", 
	"name": "R32"}},

 {"pk": 150, 
	"model": "lims.spacegroup", 
	"fields": {"lattice_type": "P", 
	"crystal_system": "h", 
	"name": "P321"}},

 {"pk": 168, 
	"model": "lims.spacegroup", 
	"fields": {"lattice_type": "P", 
	"crystal_system": "h", 
	"name": "P6"}},

 {"pk": 169, 
	"model": "lims.spacegroup", 
	"fields": {"lattice_type": "P", 
	"crystal_system": "h", 
	"name": "P6(1)"}},

 {"pk": 170, 
	"model": "lims.spacegroup", 
	"fields": {"lattice_type": "P", 
	"crystal_system": "h", 
	"name": "P6(5)"}},

 {"pk": 171, 
	"model": "lims.spacegroup", 
	"fields": {"lattice_type": "P", 
	"crystal_system": "h", 
	"name": "P6(2)"}},

 {"pk": 172, 
	"model": "lims.spacegroup", 
	"fields": {"lattice_type": "P", 
	"crystal_system": "h", 
	"name": "P6(4)"}},

 {"pk": 173, 
	"model": "lims.spacegroup", 
	"fields": {"lattice_type": "P", 
	"crystal_system": "h", 
	"name": "P6(3)"}},

 {"pk": 177, 
	"model": "lims.spacegroup", 
	"fields": {"lattice_type": "P", 
	"crystal_system": "h", 
	"name": "P622"}},

 {"pk": 178, 
	"model": "lims.spacegroup", 
	"fields": {"lattice_type": "P", 
	"crystal_system": "h", 
	"name": "P6(1)22"}},

 {"pk": 179, 
	"model": "lims.spacegroup", 
	"fields": {"lattice_type": "P", 
	"crystal_system": "h", 
	"name": "P6(5)22"}},

 {"pk": 180, 
	"model": "lims.spacegroup", 
	"fields": {"lattice_type": "P", 
	"crystal_system": "h", 
	"name": "P6(2)22"}},

 {"pk": 181, 
	"model": "lims.spacegroup", 
	"fields": {"lattice_type": "P", 
	"crystal_system": "h", 
	"name": "P6(4)22"}},

 {"pk": 182, 
	"model": "lims.spacegroup", 
	"fields": {"lattice_type": "P", 
	"crystal_system": "h", 
	"name": "P6(3)22"}},

 {"pk": 152, 
	"model": "lims.spacegroup", 
	"fields": {"lattice_type": "P", 
	"crystal_system": "h", 
	"name": "P3(1)21"}},

 {"pk": 196, 
	"model": "lims.spacegroup", 
	"fields": {"lattice_type": "F", 
	"crystal_system": "c", 
	"name": "F23"}},

 {"pk": 197, 
	"model": "lims.spacegroup", 
	"fields": {"lattice_type": "I", 
	"crystal_system": "c", 
	"name": "I23"}},

 {"pk": 198, 
	"model": "lims.spacegroup", 
	"fields": {"lattice_type": "P", 
	"crystal_system": "c", 
	"name": "P2(1)3"}},

 {"pk": 199, 
	"model": "lims.spacegroup", 
	"fields": {"lattice_type": "I", 
	"crystal_system": "c", 
	"name": "I2(1)3"}},

 {"pk": 75, 
	"model": "lims.spacegroup", 
	"fields": {"lattice_type": "P", 
	"crystal_system": "t", 
	"name": "P4"}},

 {"pk": 76, 
	"model": "lims.spacegroup", 
	"fields": {"lattice_type": "P", 
	"crystal_system": "t", 
	"name": "P4(1)"}},

 {"pk": 77, 
	"model": "lims.spacegroup", 
	"fields": {"lattice_type": "P", 
	"crystal_system": "t", 
	"name": "P4(2)"}},

 {"pk": 78, 
	"model": "lims.spacegroup", 
	"fields": {"lattice_type": "P", 
	"crystal_system": "t", 
	"name": "P4(3)"}},

 {"pk": 79, 
	"model": "lims.spacegroup", 
	"fields": {"lattice_type": "I", 
	"crystal_system": "t", 
	"name": "I4"}},

 {"pk": 80, 
	"model": "lims.spacegroup", 
	"fields": {"lattice_type": "I", 
	"crystal_system": "t", 
	"name": "I4(1)"}},

 {"pk": 209, 
	"model": "lims.spacegroup", 
	"fields": {"lattice_type": "F", 
	"crystal_system": "c", 
	"name": "F432"}},

 {"pk": 210, 
	"model": "lims.spacegroup", 
	"fields": {"lattice_type": "F", 
	"crystal_system": "c", 
	"name": "F4(1)32"}},

 {"pk": 211, 
	"model": "lims.spacegroup", 
	"fields": {"lattice_type": "I", 
	"crystal_system": "c", 
	"name": "I432"}},

 {"pk": 212, 
	"model": "lims.spacegroup", 
	"fields": {"lattice_type": "P", 
	"crystal_system": "c", 
	"name": "P4(3)32"}},

 {"pk": 213, 
	"model": "lims.spacegroup", 
	"fields": {"lattice_type": "P", 
	"crystal_system": "c", 
	"name": "P4(1)32"}},

 {"pk": 214, 
	"model": "lims.spacegroup", 
	"fields": {"lattice_type": "I", 
	"crystal_system": "c", 
	"name": "I4(1)32"}},

 {"pk": 89, 
	"model": "lims.spacegroup", 
	"fields": {"lattice_type": "P", 
	"crystal_system": "t", 
	"name": "P422"}},

 {"pk": 90, 
	"model": "lims.spacegroup", 
	"fields": {"lattice_type": "P", 
	"crystal_system": "t", 
	"name": "P42(1)2"}},

 {"pk": 91, 
	"model": "lims.spacegroup", 
	"fields": {"lattice_type": "P", 
	"crystal_system": "t", 
	"name": "P4(1)22"}},

 {"pk": 92, 
	"model": "lims.spacegroup", 
	"fields": {"lattice_type": "P", 
	"crystal_system": "t", 
	"name": "P4(1)2(1)2"}},

 {"pk": 93, 
	"model": "lims.spacegroup", 
	"fields": {"lattice_type": "P", 
	"crystal_system": "t", 
	"name": "P4(2)22"}},

 {"pk": 94, 
	"model": "lims.spacegroup", 
	"fields": {"lattice_type": "P", 
	"crystal_system": "t", 
	"name": "P4(2)2(1)2"}},

 {"pk": 95, 
	"model": "lims.spacegroup", 
	"fields": {"lattice_type": "P", 
	"crystal_system": "t", 
	"name": "P4(3)22"}},

 {"pk": 96, 
	"model": "lims.spacegroup", 
	"fields": {"lattice_type": "P", 
	"crystal_system": "t", 
	"name": "P4(3)2(1)2"}},

 {"pk": 97, 
	"model": "lims.spacegroup", 
	"fields": {"lattice_type": "I", 
	"crystal_system": "t", 
	"name": "I422"}},

 {"pk": 98, 
	"model": "lims.spacegroup", 
	"fields": {"lattice_type": "I", 
	"crystal_system": "t", 
	"name": "I4(1)22"}},

 {"pk": 195, 
	"model": "lims.spacegroup", 
	"fields": {"lattice_type": "P", 
	"crystal_system": "c", 
	"name": "P23"}},

 {"pk": 145, 
	"model": "lims.spacegroup", 
	"fields": {"lattice_type": "P", 
	"crystal_system": "h", 
	"name": "P3(2)"}},

 {"pk": 144, 
	"model": "lims.spacegroup", 
	"fields": {"lattice_type": "P", 
	"crystal_system": "h", 
	"name": "P3(1)"}},

 {"pk": 208, 
	"model": "lims.spacegroup", 
	"fields": {"lattice_type": "P", 
	"crystal_system": "c", 
	"name": "P4(2)32"}},

 {"pk": 146, 
	"model": "lims.spacegroup", 
	"fields": {"lattice_type": "R", 
	"crystal_system": "h", 
	"name": "R3"}},

 {"pk": 149, 
	"model": "lims.spacegroup", 
	"fields": {"lattice_type": "P", 
	"crystal_system": "h", 
	"name": "P312"}},

 {"pk": 1, 
	"model": "lims.crystalform", 
	"fields": {"cell_beta": 90.0, 
	"cell_gamma": 90.0, 
	"name": "Native1", 
	"created": "2008-08-18 13:37:39", 
	"cell_c": 60.0, 
	"cell_b": 50.0, 
	"cell_a": 40.0, 
	"space_group": 17, 
	"project": 2, 
	"modified": "2008-08-18 13:37:39", 
	"cell_alpha": 90.0}},

 {"pk": 1, 
	"model": "lims.cocktail", 
	"fields": {"project": 2, 
	"constituents": [1, 3, 5], 
	"modified": "2008-07-18 06:20:24", 
	"comments": "First crystallization condition tried this year.", 
	"created": "2008-07-18 06:20:24"}},

 {"pk": 2, 
	"model": "lims.cocktail", 
	"fields": {"project": 2, 
	"constituents": [1, 2, 3, 5], 
	"modified": "2008-07-18 06:21:25", 
	"comments": "Second condition tried without Magnessium chloride but with substrate analog added.", 
	"created": "2008-07-18 06:21:25"}},

 {"pk": 1, 
	"model": "lims.crystal", 
	"fields": {"code": "", 
	"container": 3, 
	"name": "xtl1", 
	"cocktail": 1, 
	"created": "2008-08-18 13:41:42", 
	"modified": "2008-08-18 13:41:42", 
	"pin_length": 18, 
	"loop_size": 0.20000000000000001, 
	"project": 2, 
	"crystal_form": 1, 
	"comments": "", 
	"container_location": "15"}},

 {"pk": 2, 
	"model": "lims.crystal", 
	"fields": {"code": "", 
	"container": 4, 
	"name": "xtl2", 
	"cocktail": 2, 
	"created": "2008-08-18 13:42:07", 
	"modified": "2008-08-18 13:42:07", 
	"pin_length": 18, 
	"loop_size": 0.29999999999999999, 
	"project": 2, 
	"crystal_form": 1, 
	"comments": "", 
	"container_location": "10"}},

 {"pk": 3, 
	"model": "lims.crystal", 
	"fields": {"code": "", 
	"container": 4, 
	"name": "xtl3", 
	"cocktail": 1, 
	"created": "2008-08-18 13:42:34", 
	"modified": "2008-08-18 13:42:34", 
	"pin_length": 18, 
	"loop_size": 0.10000000000000001, 
	"project": 2, 
	"crystal_form": 1, 
	"comments": "Special crystal.", 
	"container_location": "5"}},

 {"pk": 1, 
	"model": "lims.experiment", 
	"fields": {"hi_res": null, 
	"status": 0, 
	"lo_res": null, 
	"name": "First Try", 
	"created": "2008-08-18 13:43:12", 
	"r_meas": null, 
	"energy": null, 
	"kind": 2, 
	"comments": "", 
	"modified": "2008-08-18 13:43:12", 
	"project": 2, 
	"i_sigma": null, 
	"plan": 0, 
	"absorption_edge": "", 
	"multiplicity": null, 
	"crystals": [2, 3]}},

 {"pk": 2, 
	"model": "lims.experiment", 
	"fields": {"hi_res": 1.8, 
	"status": 0, 
	"lo_res": 2.5, 
	"name": "Second Pass", 
	"created": "2008-08-18 13:44:13", 
	"r_meas": 10.0, 
	"energy": null, 
	"kind": 3, 
	"comments": "", 
	"modified": "2008-08-18 13:44:13", 
	"project": 2, 
	"i_sigma": 2.0, 
	"plan": 2, 
	"absorption_edge": "", 
	"multiplicity": 5, 
	"crystals": [1, 2, 3]}},

 {"pk": 15, 
	"model": "lims.activitylog", 
	"fields": {"action_type": 3, 
	"created": "2008-08-18 13:44:13", 
	"object_repr": "EX002.08.08.18", 
	"object_id": "2", 
	"project": 2, 
	"ip_number": "127.0.0.1", 
	"user": 2, 
	"content_type": 22, 
	"description": "The experiment \"EX002.08.08.18\" was added successfully."}},

 {"pk": 14, 
	"model": "lims.activitylog", 
	"fields": {"action_type": 3, 
	"created": "2008-08-18 13:43:12", 
	"object_repr": "EX001.08.08.18", 
	"object_id": "1", 
	"project": 2, 
	"ip_number": "127.0.0.1", 
	"user": 2, 
	"content_type": 22, 
	"description": "The experiment \"EX001.08.08.18\" was added successfully."}},

 {"pk": 13, 
	"model": "lims.activitylog", 
	"fields": {"action_type": 3, 
	"created": "2008-08-18 13:42:34", 
	"object_repr": "xtl3 / XT003.08.08.18", 
	"object_id": "3", 
	"project": 2, 
	"ip_number": "127.0.0.1", 
	"user": 2, 
	"content_type": 21, 
	"description": "The crystal \"xtl3 / XT003.08.08.18\" was added successfully."}},

 {"pk": 12, 
	"model": "lims.activitylog", 
	"fields": {"action_type": 3, 
	"created": "2008-08-18 13:42:07", 
	"object_repr": "xtl2 / XT002.08.08.18", 
	"object_id": "2", 
	"project": 2, 
	"ip_number": "127.0.0.1", 
	"user": 2, 
	"content_type": 21, 
	"description": "The crystal \"xtl2 / XT002.08.08.18\" was added successfully."}},

 {"pk": 11, 
	"model": "lims.activitylog", 
	"fields": {"action_type": 3, 
	"created": "2008-08-18 13:41:42", 
	"object_repr": "xtl1 / XT001.08.08.18", 
	"object_id": "1", 
	"project": 2, 
	"ip_number": "127.0.0.1", 
	"user": 2, 
	"content_type": 21, 
	"description": "The crystal \"xtl1 / XT001.08.08.18\" was added successfully."}},

 {"pk": 10, 
	"model": "lims.activitylog", 
	"fields": {"action_type": 3, 
	"created": "2008-08-18 13:37:39", 
	"object_repr": "Native1", 
	"object_id": "1", 
	"project": 2, 
	"ip_number": "127.0.0.1", 
	"user": 2, 
	"content_type": 19, 
	"description": "The Crystal Form \"Native1\" was added successfully."}},

 {"pk": 9, 
	"model": "lims.activitylog", 
	"fields": {"action_type": 3, 
	"created": "2008-08-18 13:31:38", 
	"object_repr": "Cassette2", 
	"object_id": "6", 
	"project": 2, 
	"ip_number": "127.0.0.1", 
	"user": 2, 
	"content_type": 17, 
	"description": "Container \"Cassette2\" added to dewar \"Dewar1\""}},

 {"pk": 8, 
	"model": "lims.activitylog", 
	"fields": {"action_type": 3, 
	"created": "2008-08-18 13:31:26", 
	"object_repr": "Cassette1", 
	"object_id": "5", 
	"project": 2, 
	"ip_number": "127.0.0.1", 
	"user": 2, 
	"content_type": 17, 
	"description": "Container \"Cassette1\" added to dewar \"Dewar1\""}},

 {"pk": 7, 
	"model": "lims.activitylog", 
	"fields": {"action_type": 3, 
	"created": "2008-08-18 13:31:08", 
	"object_repr": "Puck2", 
	"object_id": "4", 
	"project": 2, 
	"ip_number": "127.0.0.1", 
	"user": 2, 
	"content_type": 17, 
	"description": "Container \"Puck2\" added to dewar \"Dewar2\""}},

 {"pk": 6, 
	"model": "lims.activitylog", 
	"fields": {"action_type": 3, 
	"created": "2008-08-18 13:30:57", 
	"object_repr": "Puck1", 
	"object_id": "3", 
	"project": 2, 
	"ip_number": "127.0.0.1", 
	"user": 2, 
	"content_type": 17, 
	"description": "Container \"Puck1\" added to dewar \"Dewar2\""}},

 {"pk": 5, 
	"model": "lims.activitylog", 
	"fields": {"action_type": 3, 
	"created": "2008-08-18 13:30:39", 
	"object_repr": "Cane-2", 
	"object_id": "2", 
	"project": 2, 
	"ip_number": "127.0.0.1", 
	"user": 2, 
	"content_type": 17, 
	"description": "Container \"Cane-2\" added to dewar \"Dewar3\""}},

 {"pk": 4, 
	"model": "lims.activitylog", 
	"fields": {"action_type": 3, 
	"created": "2008-08-18 13:30:30", 
	"object_repr": "Cane-1", 
	"object_id": "1", 
	"project": 2, 
	"ip_number": "127.0.0.1", 
	"user": 2, 
	"content_type": 17, 
	"description": "Container \"Cane-1\" added to dewar \"Dewar3\""}},

 {"pk": 3, 
	"model": "lims.activitylog", 
	"fields": {"action_type": 3, 
	"created": "2008-08-18 13:24:46", 
	"object_repr": "Dewar3", 
	"object_id": "3", 
	"project": 2, 
	"ip_number": "127.0.0.1", 
	"user": 2, 
	"content_type": 16, 
	"description": "Dewar \"Dewar3\" added to shipment \"Shipment1\""}},

 {"pk": 2, 
	"model": "lims.activitylog", 
	"fields": {"action_type": 4, 
	"created": "2008-08-18 13:21:38", 
	"object_repr": "Dewar1", 
	"object_id": "1", 
	"project": 2, 
	"ip_number": "127.0.0.1", 
	"user": 2, 
	"content_type": 16, 
	"description": "Dewar DE001.08.08.18 successfully modified"}},

 {"pk": 1, 
	"model": "lims.activitylog", 
	"fields": {"action_type": 3, 
	"created": "2008-08-18 13:17:57", 
	"object_repr": "Shipment1", 
	"object_id": "1", 
	"project": 2, 
	"ip_number": "127.0.0.1", 
	"user": 2, 
	"content_type": 15, 
	"description": "The shipment \"Shipment1\" was added successfully."}}
	
]
