[
    {
        "pk": 1, 
        "model": "lims.project", 
        "fields": {
            "name": "P1-CLS", 
            "end_date": "2008-09-30", 
            "title": "Structural Studies", 
            "created": "2008-07-14 12:09:02", 
            "modified": "2008-07-14 12:09:02", 
            "lab": 1, 
            "summary": "Project summary", 
            "user": 1, 
            "beam_time": 100.0, 
            "start_date": "2008-07-14"
        }
    },
    {
        "pk": 1, 
        "model": "lims.constituent", 
        "fields": {
            "is_explosive": 0, 
            "kind": 3, 
            "is_corrosive": 0, 
            "name": "Ferrochelatase", 
            "created": "2008-07-18 06:16:29", 
            "acronym": "FECH", 
            "is_toxic": 0, 
            "is_inflamable": 0, 
            "modified": "2009-12-13 10:52:13", 
            "project": 1, 
            "source": 1, 
            "hazard_details": "", 
            "is_oxidising": 0, 
            "is_radioactive": 0, 
            "is_biological_hazard": 0, 
            "is_contaminant": 0
        }
    }, 
    {
        "pk": 2, 
        "model": "lims.constituent", 
        "fields": {
            "is_explosive": 0, 
            "kind": 0, 
            "is_corrosive": 0, 
            "name": "N-methylmesoporphyrin", 
            "created": "2008-07-18 06:17:17", 
            "acronym": "MMP", 
            "is_toxic": 0, 
            "is_inflamable": 0, 
            "modified": "2009-12-13 10:52:22", 
            "project": 1, 
            "source": 0, 
            "hazard_details": "", 
            "is_oxidising": 0, 
            "is_radioactive": 0, 
            "is_biological_hazard": 0, 
            "is_contaminant": 0
        }
    }, 
    {
        "pk": 3, 
        "model": "lims.constituent", 
        "fields": {
            "is_explosive": 0, 
            "kind": 0, 
            "is_corrosive": 0, 
            "name": "Tris", 
            "created": "2008-07-18 06:17:52", 
            "acronym": "Tris", 
            "is_toxic": 0, 
            "is_inflamable": 0, 
            "modified": "2009-12-13 10:52:38", 
            "project": 1, 
            "source": 0, 
            "hazard_details": "", 
            "is_oxidising": 0, 
            "is_radioactive": 0, 
            "is_biological_hazard": 0, 
            "is_contaminant": 0
        }
    }, 
    {
        "pk": 4, 
        "model": "lims.constituent", 
        "fields": {
            "is_explosive": 0, 
            "kind": 2, 
            "is_corrosive": 0, 
            "name": "Magnesium Chloride", 
            "created": "2008-07-18 06:19:03", 
            "acronym": "MgCl2", 
            "is_toxic": 0, 
            "is_inflamable": 0, 
            "modified": "2009-12-13 10:52:18", 
            "project": 1, 
            "source": 0, 
            "hazard_details": "", 
            "is_oxidising": 0, 
            "is_radioactive": 0, 
            "is_biological_hazard": 0, 
            "is_contaminant": 0
        }
    }, 
    {
        "pk": 5, 
        "model": "lims.constituent", 
        "fields": {
            "is_explosive": 0, 
            "kind": 0, 
            "is_corrosive": 0, 
            "name": "Polyethylene Glycol 4000", 
            "created": "2008-07-18 06:19:30", 
            "acronym": "PEG4000", 
            "is_toxic": 0, 
            "is_inflamable": 0, 
            "modified": "2009-12-13 10:52:32", 
            "project": 1, 
            "source": 0, 
            "hazard_details": "", 
            "is_oxidising": 0, 
            "is_radioactive": 0, 
            "is_biological_hazard": 0, 
            "is_contaminant": 0
        }
    }, 
    {
        "pk": 1, 
        "model": "lims.shipment", 
        "fields": {
            "status": 0, 
            "tracking_code": "", 
            "date_shipped": null, 
            "created": "2008-08-18 13:17:57", 
            "modified": "2009-12-13 10:53:21", 
            "return_code": "", 
            "comments": "", 
            "label": "Shipment1", 
            "project": 1, 
            "date_returned": null, 
            "carrier": null, 
            "date_received": null
        }
    }, 
    {
        "pk": 1, 
        "model": "lims.dewar", 
        "fields": {
            "storage_location": "", 
            "created": "2008-08-18 13:18:10", 
            "modified": "2009-12-13 10:50:47", 
            "comments": "", 
            "label": "Dewar1", 
            "project": 1, 
            "code": "username-1.1", 
            "shipment": 1
        }
    }, 
    {
        "pk": 2, 
        "model": "lims.dewar", 
        "fields": {
            "storage_location": "", 
            "created": "2008-08-18 13:21:52", 
            "modified": "2009-12-13 10:50:43", 
            "comments": "", 
            "label": "Dewar2", 
            "project": 1, 
            "code": "username-1-2", 
            "shipment": 1
        }
    }, 
    {
        "pk": 3, 
        "model": "lims.dewar", 
        "fields": {
            "storage_location": "", 
            "created": "2008-08-18 13:24:46", 
            "modified": "2009-12-13 10:50:38", 
            "comments": "", 
            "label": "Dewar3", 
            "project": 1, 
            "code": "username-1-3", 
            "shipment": 1
        }
    }, 
    {
        "pk": 1, 
        "model": "lims.container", 
        "fields": {
            "kind": 2, 
            "code": "", 
            "created": "2008-08-18 13:30:30", 
            "modified": "2009-12-13 10:50:05", 
            "comments": "", 
            "label": "Cane-1", 
            "project": 1, 
            "dewar": 3
        }
    }, 
    {
        "pk": 2, 
        "model": "lims.container", 
        "fields": {
            "kind": 2, 
            "code": "", 
            "created": "2008-08-18 13:30:39", 
            "modified": "2009-12-13 10:50:00", 
            "comments": "", 
            "label": "Cane-2", 
            "project": 1, 
            "dewar": 3
        }
    }, 
    {
        "pk": 3, 
        "model": "lims.container", 
        "fields": {
            "kind": 1, 
            "code": "", 
            "created": "2008-08-18 13:30:57", 
            "modified": "2009-12-13 10:49:55", 
            "comments": "", 
            "label": "Puck1", 
            "project": 1, 
            "dewar": 2
        }
    }, 
    {
        "pk": 4, 
        "model": "lims.container", 
        "fields": {
            "kind": 1, 
            "code": "", 
            "created": "2008-08-18 13:31:08", 
            "modified": "2009-12-13 10:49:42", 
            "comments": "", 
            "label": "Puck2", 
            "project": 1, 
            "dewar": 2
        }
    }, 
    {
        "pk": 5, 
        "model": "lims.container", 
        "fields": {
            "kind": 0, 
            "code": "", 
            "created": "2008-08-18 13:31:26", 
            "modified": "2009-12-13 10:49:31", 
            "comments": "", 
            "label": "Cassette1", 
            "project": 1, 
            "dewar": 1
        }
    }, 
    {
        "pk": 6, 
        "model": "lims.container", 
        "fields": {
            "kind": 0, 
            "code": "", 
            "created": "2008-08-18 13:31:38", 
            "modified": "2009-12-13 10:49:26", 
            "comments": "", 
            "label": "Cassette2", 
            "project": 1, 
            "dewar": 1
        }
    }, 
    {
        "pk": 1, 
        "model": "lims.crystalform", 
        "fields": {
            "cell_beta": 90.0, 
            "cell_gamma": 90.0, 
            "name": "Native1", 
            "created": "2008-08-18 13:37:39", 
            "cell_c": 60.0, 
            "cell_b": 50.0, 
            "cell_a": 40.0, 
            "space_group": 17, 
            "project": 1, 
            "modified": "2009-12-13 10:54:31", 
            "cell_alpha": 90.0
        }
    }, 
    {
        "pk": 1, 
        "model": "lims.cocktail", 
        "fields": {
            "project": 1, 
            "constituents": [
                1, 
                3, 
                5
            ], 
            "modified": "2009-12-13 10:49:12", 
            "comments": "First crystallization condition tried this year.", 
            "created": "2008-07-18 06:20:24"
        }
    }, 
    {
        "pk": 2, 
        "model": "lims.cocktail", 
        "fields": {
            "project": 1, 
            "constituents": [
                1, 
                2, 
                3, 
                5
            ], 
            "modified": "2009-12-13 10:49:02", 
            "comments": "Second condition tried without Magnessium chloride but with substrate analog added.", 
            "created": "2008-07-18 06:21:25"
        }
    }, 
    {
        "pk": 1, 
        "model": "lims.crystal", 
        "fields": {
            "code": "", 
            "container": 3, 
            "name": "xtl1", 
            "cocktail": 1, 
            "created": "2008-08-18 13:41:42", 
            "modified": "2009-12-13 10:54:20", 
            "pin_length": 18, 
            "loop_size": 0.20000000000000001, 
            "project": 1, 
            "crystal_form": 1, 
            "comments": "", 
            "container_location": "15"
        }
    }, 
    {
        "pk": 2, 
        "model": "lims.crystal", 
        "fields": {
            "code": "", 
            "container": 4, 
            "name": "xtl2", 
            "cocktail": 2, 
            "created": "2008-08-18 13:42:07", 
            "modified": "2009-12-13 10:54:12", 
            "pin_length": 18, 
            "loop_size": 0.29999999999999999, 
            "project": 1, 
            "crystal_form": 1, 
            "comments": "", 
            "container_location": "10"
        }
    }, 
    {
        "pk": 3, 
        "model": "lims.crystal", 
        "fields": {
            "code": "", 
            "container": 4, 
            "name": "xtl3", 
            "cocktail": 1, 
            "created": "2008-08-18 13:42:34", 
            "modified": "2009-12-13 10:53:48", 
            "pin_length": 18, 
            "loop_size": 0.10000000000000001, 
            "project": 1, 
            "crystal_form": 1, 
            "comments": "Special crystal.", 
            "container_location": "5"
        }
    }, 
    {
        "pk": 1, 
        "model": "lims.experiment", 
        "fields": {
            "resolution": null, 
            "status": 0, 
            "delta_angle": null, 
            "name": "First Try", 
            "created": "2008-08-18 13:43:12", 
            "r_meas": null, 
            "energy": null, 
            "kind": 2, 
            "comments": "", 
            "modified": "2009-12-13 10:51:04", 
            "project": 1, 
            "i_sigma": null, 
            "plan": 0, 
            "absorption_edge": "", 
            "multiplicity": null,
            "total_angle": null,
            "crystals": [
                2, 
                3
            ]
        }
    }, 
    {
        "pk": 2, 
        "model": "lims.experiment", 
        "fields": {
            "resolution": 1.8, 
            "status": 0, 
            "delta_angle": 2.5, 
            "name": "Second Pass", 
            "created": "2008-08-18 13:44:13", 
            "r_meas": 10.0, 
            "energy": null, 
            "kind": 0, 
            "comments": "", 
            "modified": "2009-12-13 10:50:57", 
            "project": 1, 
            "i_sigma": 2.0, 
            "plan": 2, 
            "absorption_edge": "", 
            "multiplicity": 5,
            "total_angle": null,
            "crystals": [
                1, 
                2, 
                3
            ]
        }
    },
   {
      "pk": 2, 
      "model": "lims.data", 
      "fields": {
         "exposure_time": 3.0, 
         "distance": 299.99799999999999, 
         "two_theta": 0.0, 
         "name": "dmso_bi_1-2", 
         "start_angle": 270.0, 
         "url": "/backup/users/strynadka/cls_061109/liam/screen", 
         "num_frames": 5, 
         "kind": 0, 
         "detector_size": 3072, 
         "project": 1, 
         "crystal": 1, 
         "experiment": 2, 
         "created": "2010-02-03 12:25:06", 
         "beam_x": 1494.0, 
         "modified": "2010-02-03 12:25:06", 
         "wavelength": 0.97948999999999997, 
         "detector": "mar225", 
         "beam_y": 1536.0, 
         "first_frame": 1, 
         "pixel_size": 0.073242000000000002, 
         "delta_angle": 1.0
      }
   }, 
   {
      "pk": 3, 
      "model": "lims.data", 
      "fields": {
         "exposure_time": 3.0, 
         "distance": 299.99799999999999, 
         "two_theta": 0.0, 
         "name": "dmso_bi_1-2", 
         "start_angle": 270.0, 
         "url": "/backup/users/strynadka/cls_061109/liam/screen", 
         "num_frames": 5, 
         "kind": 0, 
         "detector_size": 3072, 
         "project": 1, 
         "crystal": 1, 
         "experiment": 2, 
         "created": "2010-02-03 12:26:29", 
         "beam_x": 1494.0, 
         "modified": "2010-02-03 12:26:29", 
         "wavelength": 0.97948999999999997, 
         "detector": "mar225", 
         "beam_y": 1536.0, 
         "first_frame": 1, 
         "pixel_size": 0.073242000000000002, 
         "delta_angle": 1.0
      }
   }, 
   {
      "pk": 4, 
      "model": "lims.data", 
      "fields": {
         "exposure_time": 2.0, 
         "distance": 299.99700000000001, 
         "two_theta": 0.0, 
         "name": "dmso_bi_1", 
         "start_angle": 182.0, 
         "url": "/backup/users/strynadka/cls_061109/liam/screen", 
         "num_frames": 8, 
         "kind": 0, 
         "detector_size": 3072, 
         "project": 1, 
         "crystal": 1, 
         "experiment": 1, 
         "created": "2010-02-03 12:28:07", 
         "beam_x": 1494.0, 
         "modified": "2010-02-03 12:28:07", 
         "wavelength": 0.97948999999999997, 
         "detector": "mar225", 
         "beam_y": 1536.0, 
         "first_frame": 1, 
         "pixel_size": 0.073242000000000002, 
         "delta_angle": 1.0
      }
   }, 
   {
      "pk": 5, 
      "model": "lims.data", 
      "fields": {
         "exposure_time": 2.0, 
         "distance": 299.99799999999999, 
         "two_theta": 0.0, 
         "name": "fs3_1_ia", 
         "start_angle": 90.0, 
         "url": "/backup/users/strynadka/cls_061109/liam/screen", 
         "num_frames": 10, 
         "kind": 0, 
         "detector_size": 3072, 
         "project": 1, 
         "crystal": 1, 
         "experiment": 1, 
         "created": "2010-02-03 12:30:21", 
         "beam_x": 1494.0, 
         "modified": "2010-02-03 12:30:21", 
         "wavelength": 0.97948999999999997, 
         "detector": "mar225", 
         "beam_y": 1536.0, 
         "first_frame": 1, 
         "pixel_size": 0.073242000000000002, 
         "delta_angle": 1.0
      }
   }, 
   {
      "pk": 6, 
      "model": "lims.data", 
      "fields": {
         "exposure_time": 2.0, 
         "distance": 299.99700000000001, 
         "two_theta": 0.0, 
         "name": "A4_2", 
         "start_angle": 241.0, 
         "url": "/backup/users/strynadka/cls_061109/liam/screen", 
         "num_frames": 4, 
         "kind": 0, 
         "detector_size": 3072, 
         "project": 1, 
         "crystal": 1, 
         "experiment": 1, 
         "created": "2010-02-03 12:32:02", 
         "beam_x": 1494.0, 
         "modified": "2010-02-03 12:32:02", 
         "wavelength": 0.97948999999999997, 
         "detector": "mar225", 
         "beam_y": 1536.0, 
         "first_frame": 1, 
         "pixel_size": 0.073242000000000002, 
         "delta_angle": 1.0
      }
   }, 
   {
      "pk": 7, 
      "model": "lims.data", 
      "fields": {
         "exposure_time": 2.0, 
         "distance": 299.99799999999999, 
         "two_theta": 0.0, 
         "name": "fs3_1_ia", 
         "start_angle": 70.0, 
         "url": "/backup/users/strynadka/cls_061109/liam/inva", 
         "num_frames": 104, 
         "kind": 0, 
         "detector_size": 3072, 
         "project": 1, 
         "crystal": 1, 
         "experiment": 1, 
         "created": "2010-02-03 12:36:09", 
         "beam_x": 1494.0, 
         "modified": "2010-02-03 12:36:09", 
         "wavelength": 0.97948999999999997, 
         "detector": "mar225", 
         "beam_y": 1536.0, 
         "first_frame": 1, 
         "pixel_size": 0.073242000000000002, 
         "delta_angle": 1.0
      }
   }, 
   {
      "pk": 8, 
      "model": "lims.data", 
      "fields": {
         "exposure_time": 2.0, 
         "distance": 274.99900000000002, 
         "two_theta": 0.0, 
         "name": "fs3_1_ia-r2", 
         "start_angle": 150.0, 
         "url": "/backup/users/strynadka/cls_061109/liam/inva", 
         "num_frames": 360, 
         "kind": 0, 
         "detector_size": 3072, 
         "project": 1, 
         "crystal": 1, 
         "experiment": 1, 
         "created": "2010-02-03 12:38:06", 
         "beam_x": 1494.0, 
         "modified": "2010-02-03 12:38:06", 
         "wavelength": 0.97948999999999997, 
         "detector": "mar225", 
         "beam_y": 1536.0, 
         "first_frame": 1, 
         "pixel_size": 0.073242000000000002, 
         "delta_angle": 1.0
      }
   }, 
   {
      "pk": 9, 
      "model": "lims.data", 
      "fields": {
         "exposure_time": 1.0, 
         "distance": 319.99799999999999, 
         "two_theta": 0.0, 
         "name": "130_bi_1", 
         "start_angle": 0.0, 
         "url": "/backup/users/strynadka/cls_061109/liam/130soak", 
         "num_frames": 360, 
         "kind": 0, 
         "detector_size": 3072, 
         "project": 1, 
         "crystal": 1, 
         "experiment": 1, 
         "created": "2010-02-03 12:40:07", 
         "beam_x": 1494.0, 
         "modified": "2010-02-03 12:40:07", 
         "wavelength": 0.97948999999999997, 
         "detector": "mar225", 
         "beam_y": 1536.0, 
         "first_frame": 1, 
         "pixel_size": 0.073242000000000002, 
         "delta_angle": 1.0
      }
   }, 
   {
      "pk": 10, 
      "model": "lims.data", 
      "fields": {
         "exposure_time": 2.5, 
         "distance": 350.00099999999998, 
         "two_theta": 0.0, 
         "name": "cpd165soak_1", 
         "start_angle": 0.0, 
         "url": "/backup/users/strynadka/cls_061109/liam/65soak", 
         "num_frames": 360, 
         "kind": 0, 
         "detector_size": 3072, 
         "project": 1, 
         "crystal": 1, 
         "experiment": 1, 
         "created": "2010-02-03 12:42:21", 
         "beam_x": 1494.0, 
         "modified": "2010-02-03 12:42:21", 
         "wavelength": 0.97948999999999997, 
         "detector": "mar225", 
         "beam_y": 1536.0, 
         "first_frame": 1, 
         "pixel_size": 0.073242000000000002, 
         "delta_angle": 1.0
      }
   }, 
   {
      "pk": 11, 
      "model": "lims.data", 
      "fields": {
         "exposure_time": 2.0, 
         "distance": 319.99900000000002, 
         "two_theta": 0.0, 
         "name": "A4_2", 
         "start_angle": 100.0, 
         "url": "/backup/users/strynadka/cls_061109/liam/02130cotricine", 
         "num_frames": 360, 
         "kind": 0, 
         "detector_size": 3072, 
         "project": 1, 
         "crystal": 1, 
         "experiment": 1, 
         "created": "2010-02-03 12:44:21", 
         "beam_x": 1494.0, 
         "modified": "2010-02-03 12:44:21", 
         "wavelength": 0.97948999999999997, 
         "detector": "mar225", 
         "beam_y": 1536.0, 
         "first_frame": 1, 
         "pixel_size": 0.073242000000000002, 
         "delta_angle": 1.0
      }
   }, 
   {
      "pk": 12, 
      "model": "lims.data", 
      "fields": {
         "exposure_time": 3.0, 
         "distance": 300.0, 
         "two_theta": 0.0, 
         "name": "dmso_bi_1", 
         "start_angle": 100.0, 
         "url": "/backup/users/strynadka/cls_061109/liam/dmso", 
         "num_frames": 296, 
         "kind": 0, 
         "detector_size": 3072, 
         "project": 1, 
         "crystal": 1, 
         "experiment": 1, 
         "created": "2010-02-03 12:46:27", 
         "beam_x": 1494.0, 
         "modified": "2010-02-03 12:46:27", 
         "wavelength": 0.97948999999999997, 
         "detector": "mar225", 
         "beam_y": 1536.0, 
         "first_frame": 1, 
         "pixel_size": 0.073242000000000002, 
         "delta_angle": 1.0
      }
   }, 
   {
      "pk": 13, 
      "model": "lims.data", 
      "fields": {
         "exposure_time": 4.0, 
         "distance": 320.0, 
         "two_theta": 0.0, 
         "name": "dmso_bi_3", 
         "start_angle": 0.0, 
         "url": "/backup/users/strynadka/cls_061109/liam/dmso", 
         "num_frames": 360, 
         "kind": 0, 
         "detector_size": 3072, 
         "project": 1, 
         "crystal": 1, 
         "experiment": 1, 
         "created": "2010-02-03 12:48:23", 
         "beam_x": 1494.0, 
         "modified": "2010-02-03 12:48:23", 
         "wavelength": 0.97948999999999997, 
         "detector": "mar225", 
         "beam_y": 1536.0, 
         "first_frame": 1, 
         "pixel_size": 0.073242000000000002, 
         "delta_angle": 1.0
      }
   }, 
   {
      "pk": 14, 
      "model": "lims.data", 
      "fields": {
         "exposure_time": 1.0, 
         "distance": 299.99900000000002, 
         "two_theta": 0.0, 
         "name": "hjl1_1", 
         "start_angle": 0.0, 
         "url": "/backup/users/strynadka/cls_061109/liam/native", 
         "num_frames": 401, 
         "kind": 0, 
         "detector_size": 3072, 
         "project": 1, 
         "crystal": 1, 
         "experiment": 1, 
         "created": "2010-02-03 12:50:47", 
         "beam_x": 1494.0, 
         "modified": "2010-02-03 12:50:47", 
         "wavelength": 0.97948999999999997, 
         "detector": "mar225", 
         "beam_y": 1536.0, 
         "first_frame": 1, 
         "pixel_size": 0.073242000000000002, 
         "delta_angle": 1.0
      }
   }, 
   {
      "pk": 15, 
      "model": "lims.data", 
      "fields": {
         "exposure_time": 1.0, 
         "distance": 299.99900000000002, 
         "two_theta": 0.0, 
         "name": "hjl1_3", 
         "start_angle": 1.0, 
         "url": "/backup/users/strynadka/cls_061109/liam/native", 
         "num_frames": 360, 
         "kind": 0, 
         "detector_size": 3072, 
         "project": 1, 
         "crystal": 1, 
         "experiment": 1, 
         "created": "2010-02-03 12:52:57", 
         "beam_x": 1494.0, 
         "modified": "2010-02-03 12:52:57", 
         "wavelength": 0.97948999999999997, 
         "detector": "mar225", 
         "beam_y": 1536.0, 
         "first_frame": 1, 
         "pixel_size": 0.073242000000000002, 
         "delta_angle": 1.0
      }
   }, 
   {
      "pk": 16, 
      "model": "lims.data", 
      "fields": {
         "exposure_time": 1.0, 
         "distance": 99.998999999999995, 
         "two_theta": 0.0, 
         "name": "test90", 
         "start_angle": 90.0, 
         "url": "/backup/users/labiuk/LysoMad", 
         "num_frames": 10, 
         "kind": 0, 
         "detector_size": 3072, 
         "project": 1, 
         "crystal": 1, 
         "experiment": 1, 
         "created": "2010-02-03 12:55:17", 
         "beam_x": 1491.0, 
         "modified": "2010-02-03 12:55:17", 
         "wavelength": 1.1055200000000001, 
         "detector": "mar225", 
         "beam_y": 1536.0, 
         "first_frame": 1, 
         "pixel_size": 0.073242000000000002, 
         "delta_angle": 0.5
      }
   }, 
   {
      "pk": 17, 
      "model": "lims.data", 
      "fields": {
         "exposure_time": 1.0, 
         "distance": 99.998000000000005, 
         "two_theta": 0.0, 
         "name": "lysomad_remo", 
         "start_angle": 59.0, 
         "url": "/backup/users/labiuk/LysoMad/images", 
         "num_frames": 360, 
         "kind": 0, 
         "detector_size": 3072, 
         "project": 1, 
         "crystal": 1, 
         "experiment": 1, 
         "created": "2010-02-03 12:58:10", 
         "beam_x": 1491.0, 
         "modified": "2010-02-03 12:58:10", 
         "wavelength": 1.1027199999999999, 
         "detector": "mar225", 
         "beam_y": 1536.0, 
         "first_frame": 1, 
         "pixel_size": 0.073242000000000002, 
         "delta_angle": 0.5
      }
   }, 
   {
      "pk": 18, 
      "model": "lims.data", 
      "fields": {
         "exposure_time": 1.0, 
         "distance": 99.998999999999995, 
         "two_theta": 0.0, 
         "name": "lysomad_peak", 
         "start_angle": 59.0, 
         "url": "/backup/users/labiuk/LysoMad/images", 
         "num_frames": 360, 
         "kind": 0, 
         "detector_size": 3072, 
         "project": 1, 
         "crystal": 1, 
         "experiment": 1, 
         "created": "2010-02-03 13:40:13", 
         "beam_x": 1491.0, 
         "modified": "2010-02-03 13:40:13", 
         "wavelength": 1.1051800000000001, 
         "detector": "mar225", 
         "beam_y": 1536.0, 
         "first_frame": 1, 
         "pixel_size": 0.073242000000000002, 
         "delta_angle": 0.5
      }
   }, 
   {
      "pk": 1, 
      "model": "lims.result", 
      "fields": {
         "r_mrgdf": -99.900000000000006, 
         "cell_alpha": 85.840000000000003, 
         "cell_gamma": 71.280000000000001, 
         "sigma_angle": 0.22, 
         "modified": "2010-02-03 12:35:26", 
         "completeness": 1.0, 
         "score": 0.26856429381899999, 
         "r_meas": -99.900000000000006, 
         "space_group": 1, 
         "i_sigma": -99.0, 
         "experiment": 2, 
         "details": "{u'spacegroup_selection': {u'space_group': [1], u'probability': [1.0], u'name': [u'P1']}, u'overlap_analysis': {u'resolution': [4.0, 3.0, 2.0, 1.0], u'angle': [2.04, 1.53, 1.02, 0.51000000000000001]}, u'frame_statistics': {u'n_misfit': [0, 0, 0, 0, 0], u'scale': [1.0640000000000001, 1.0860000000000001, 1.3939999999999999, 8.0869999999999997, 26.417999999999999], u'overloads': [2, 0, 0, 0, 0], u'r_meas': [0.79520000000000002, 1.3536999999999999, 0.81969999999999998, 1.2506999999999999, 0.0], u'frame': [1, 2, 3, 4, 5], u'divergence': [0.032899999999999999, 0.034299999999999997, 0.0344, 0.028799999999999999, 0.056500000000000002], u'i_sigma': [4.3899999999999997, 3.7599999999999998, 1.1499999999999999, 0.20999999999999999, 0.10000000000000001], u'unexpected': [8, 6, 8, 3, 0], u'reflections': [7561, 7550, 7562, 7536, 7567], u'corr': [0.0, 0.0, 0.0, 0.0, 0.0], u'i_obs': [277425.0, 318775.0, 170300.0, 48813.0, 25959.0], u'unique': [1752, 1441, 1486, 1434, 245], u'mosaicity': [0.38569999999999999, 0.38229999999999997, 0.37890000000000001, 0.36270000000000002, 0.88800000000000001]}, u'shell_statistics': {u'sig_ano': [0.0, 0.0, 0.0, 0.0, 0.0, 0.0, 0.0, 0.0, 0.0, 0.0, 0.0, 0.0, 0.0, 0.0, 0.0, 0.0, 0.0, 0.0, 0.0, 0.0], u'r_mrgdf': [-99.900000000000006, -99.900000000000006, -99.900000000000006, -99.900000000000006, -99.900000000000006, -99.900000000000006, -99.900000000000006, -99.900000000000006, -99.900000000000006, -99.900000000000006, -99.900000000000006, -99.900000000000006, -99.900000000000006, -99.900000000000006, -99.900000000000006, -99.900000000000006, -99.900000000000006, -99.900000000000006, -99.900000000000006, -99.900000000000006], u'shell': [10.31, 7.29, 5.9500000000000002, 5.1600000000000001, 4.6100000000000003, 4.21, 3.8999999999999999, 3.6499999999999999, 3.4399999999999999, 3.2599999999999998, 3.1099999999999999, 2.98, 2.8599999999999999, 2.7599999999999998, 2.6600000000000001, 2.5800000000000001, 2.5, 2.4300000000000002, 2.3700000000000001, 2.3100000000000001], u'completeness': [2.3999999999999999, 2.2999999999999998, 2.1000000000000001, 1.8999999999999999, 2.0, 1.7, 1.5, 1.5, 1.3, 1.3, 1.1000000000000001, 1.3, 1.2, 0.90000000000000002, 0.69999999999999996, 0.5, 0.40000000000000002, 0.29999999999999999, 0.29999999999999999, 0.10000000000000001], u'cor_ano': [0, 0, 0, 0, 0, 0, 0, 0, 0, 0, 0, 0, 0, 0, 0, 0, 0, 0, 0, 0], u'r_meas': [-99.900000000000006, -99.900000000000006, -99.900000000000006, -99.900000000000006, -99.900000000000006, -99.900000000000006, -99.900000000000006, -99.900000000000006, -99.900000000000006, -99.900000000000006, -99.900000000000006, -99.900000000000006, -99.900000000000006, -99.900000000000006, -99.900000000000006, -99.900000000000006, -99.900000000000006, -99.900000000000006, -99.900000000000006, -99.900000000000006], u'i_sigma': [-99.0, -99.0, -99.0, -99.0, -99.0, -99.0, -99.0, -99.0, -99.0, -99.0, -99.0, -99.0, -99.0, -99.0, -99.0, -99.0, -99.0, -99.0, -99.0, -99.0]}, u'compatible_lattices': {u'volume': [1125065.6843734004], u'type': [u'aP'], u'unit_cell': [u' 87.4 115.7 118.8  84.8  81.1  71.6'], u'id': [31], u'quality': [0.0]}, u'diff_statistics': {u'n_friedel': [1, 2, 1], u'n_refl': [1, 2, 1], u'rd': [1.6189, 1.2927999999999999, 0.34370000000000001], u'rd_friedel': [1.6189, 1.2927999999999999, 0.34370000000000001], u'rd_non_friedel': [0.0, 0.0, 0.0], u'n_non_friedel': [0, 0, 0], u'frame_diff': [1, 2, 3]}}", 
         "sigma_spot": 0.91000000000000003, 
         "mosaicity": 0.32300000000000001, 
         "unique": 3870, 
         "data": 3, 
         "cell_beta": 80.540000000000006, 
         "kind": 0, 
         "name": "dmso_bi_1-2", 
         "created": "2010-02-03 12:28:06", 
         "url": "/home/michel/tmp/dmso_bi_1-2-scrn", 
         "multiplicity": 1.0, 
         "cell_c": 113.09999999999999, 
         "cell_b": 111.7, 
         "cell_a": 84.790000000000006, 
         "project": 1, 
         "crystal": 1, 
         "reflections": 3870, 
         "ice_rings": 0, 
         "resolution": 2.3100000000000001
      }
   }, 
   {
      "pk": 2, 
      "model": "lims.result", 
      "fields": {
         "r_mrgdf": -99.900000000000006, 
         "cell_alpha": 95.730000000000004, 
         "cell_gamma": 111.3, 
         "sigma_angle": 0.93999999999999995, 
         "modified": "2010-02-03 12:35:12", 
         "completeness": 0.5, 
         "score": 0.22177724724699999, 
         "r_meas": -99.900000000000006, 
         "space_group": 1, 
         "i_sigma": -99.0, 
         "experiment": 1, 
         "details": "{u'spacegroup_selection': {u'space_group': [1], u'probability': [1.0], u'name': [u'P1']}, u'overlap_analysis': {u'resolution': [4.0, 3.0, 2.0, 1.0], u'angle': [4.5599999999999996, 3.4199999999999999, 2.2799999999999998, 1.1399999999999999]}, u'frame_statistics': {u'n_misfit': [0, 0, 0, 0, 0], u'scale': [1.018, 1.04, 0.73699999999999999, 0.66600000000000004, 0.68600000000000005, 0.80400000000000005], u'overloads': [0, 0, 0, 0, 0, 0], u'r_meas': [0.0, 0.0, 0.0, 0.0, 0.0], u'frame': [1, 2, 3, 4, 5, 6], u'divergence': [0.15260000000000001, 0.1585, 0.1789, 0.085199999999999998, 0.12180000000000001, 0.039800000000000002], u'i_sigma': [25.879999999999999, 10.609999999999999, 11.93, 5.7000000000000002, 5.4699999999999998], u'unexpected': [0, 0, 0, 0, 0, 0], u'reflections': [3556, 3566, 3541, 3539, 3551, 3505], u'corr': [0.0, 0.0, 0.0, 0.0, 0.0], u'i_obs': [294699.0, 194357.0, 253709.0, 108897.0, 78192.0], u'unique': [8, 52, 43, 26, 8], u'mosaicity': [1.8693, 1.4992000000000001, 2.3195000000000001, 0.72350000000000003, 2.1757, 0.91700000000000004]}, u'shell_statistics': {u'sig_ano': [0.0, 0.0], u'r_mrgdf': [-99.900000000000006, -99.900000000000006], u'shell': [4.5800000000000001, 3.2400000000000002], u'completeness': [0.69999999999999996, 0.40000000000000002], u'cor_ano': [0, 0], u'r_meas': [-99.900000000000006, -99.900000000000006], u'i_sigma': [-99.0, -99.0]}, u'compatible_lattices': {u'volume': [178449.12802356927, 178449.12802356924], u'type': [u'aP', u'aP'], u'unit_cell': [u' 50.9  51.6  73.3  95.2  90.5 111.3', u' 50.9  51.6  73.3  84.8  90.5  68.7'], u'id': [44, 31], u'quality': [0.0, 6.0999999999999996]}, u'diff_statistics': {u'n_friedel': [], u'n_refl': [], u'rd': [], u'rd_friedel': [], u'rd_non_friedel': [], u'n_non_friedel': [], u'frame_diff': []}}", 
         "sigma_spot": 1.1399999999999999, 
         "mosaicity": 1.6240000000000001, 
         "unique": 111, 
         "data": 4, 
         "cell_beta": 90.299999999999997, 
         "kind": 0, 
         "name": "dmso_bi_1", 
         "created": "2010-02-03 12:30:15", 
         "url": "/home/michel/tmp/dmso_bi_1-scrn", 
         "multiplicity": 1.0, 
         "cell_c": 71.590000000000003, 
         "cell_b": 50.259999999999998, 
         "cell_a": 49.689999999999998, 
         "project": 1, 
         "crystal": 1, 
         "reflections": 111, 
         "ice_rings": 7, 
         "resolution": 3.2400000000000002
      }
   }, 
   {
      "pk": 3, 
      "model": "lims.result", 
      "fields": {
         "r_mrgdf": -99.900000000000006, 
         "cell_alpha": 89.439999999999998, 
         "cell_gamma": 90.930000000000007, 
         "sigma_angle": 0.34999999999999998, 
         "modified": "2010-02-03 12:31:57", 
         "completeness": 1.3999999999999999, 
         "score": 0.22791261412460401, 
         "r_meas": -99.900000000000006, 
         "space_group": 1, 
         "i_sigma": -99.0, 
         "experiment": 1, 
         "details": "{u'spacegroup_selection': {u'space_group': [1], u'probability': [1.0], u'name': [u'P1']}, u'overlap_analysis': {u'angle': [3.6499999999999999, 2.7400000000000002, 1.8300000000000001, 0.91000000000000003], u'resolution': [4.0, 3.0, 2.0, 1.0]}, u'frame_statistics': {u'unique': [418, 537, 569, 611, 518, 42], u'scale': [1.0029999999999999, 1.0069999999999999, 1.008, 1.002, 1.0049999999999999, 1.022], u'overloads': [0, 0, 0, 0, 0, 0], u'r_meas': [0.0, 0.0356, 0.0, 0.0, 0.0356, 0.0], u'frame': [1, 2, 3, 4, 5, 6], u'divergence': [0.032199999999999999, 0.031899999999999998, 0.035200000000000002, 0.035099999999999999, 0.036299999999999999, 0.035000000000000003], u'i_sigma': [2.71, 3.4100000000000001, 3.4500000000000002, 2.9300000000000002, 3.6400000000000001, 3.23], u'unexpected': [6, 8, 4, 4, 1, 4], u'reflections': [3529, 3550, 3528, 3507, 3478, 3585], u'corr': [0.0, 0.0, 0.0, 0.0, 0.0, 0.0], u'i_obs': [88364.0, 104755.0, 102550.0, 88322.0, 106891.0, 108156.0], u'n_misfit': [0, 0, 0, 0, 0, 0], u'mosaicity': [0.40060000000000001, 0.41199999999999998, 0.45700000000000002, 0.4798, 0.62790000000000001, 0.52029999999999998]}, u'shell_statistics': {u'sig_ano': [0.0, 0.0, 0.0, 0.0, 0.0, 0.0, 0.0, 0.0, 0.0, 0.0, 0.0, 0.0, 0.0, 0.0, 0.0, 0.0, 0.0, 0.0, 0.0, 0.0], u'r_mrgdf': [-99.900000000000006, -99.900000000000006, -99.900000000000006, -99.900000000000006, -99.900000000000006, -99.900000000000006, -99.900000000000006, -99.900000000000006, -99.900000000000006, -99.900000000000006, -99.900000000000006, -99.900000000000006, -99.900000000000006, -99.900000000000006, -99.900000000000006, -99.900000000000006, -99.900000000000006, -99.900000000000006, -99.900000000000006, -99.900000000000006], u'shell': [10.01, 7.0800000000000001, 5.7800000000000002, 5.0, 4.4800000000000004, 4.0899999999999999, 3.7799999999999998, 3.54, 3.3399999999999999, 3.1600000000000001, 3.02, 2.8900000000000001, 2.7799999999999998, 2.6699999999999999, 2.5800000000000001, 2.5, 2.4300000000000002, 2.3599999999999999, 2.2999999999999998, 2.2400000000000002], u'completeness': [2.7000000000000002, 2.2999999999999998, 2.6000000000000001, 2.2999999999999998, 2.3999999999999999, 2.3999999999999999, 2.2000000000000002, 2.1000000000000001, 2.0, 2.0, 1.8, 1.7, 1.7, 1.2, 1.1000000000000001, 0.80000000000000004, 0.69999999999999996, 0.5, 0.29999999999999999, 0.20000000000000001], u'cor_ano': [0, 0, 0, 0, 0, 0, 0, 0, 0, 0, 0, 0, 0, 0, 0, 0, 0, 0, 0, 0], u'r_meas': [-99.900000000000006, -99.900000000000006, -99.900000000000006, -99.900000000000006, -99.900000000000006, -99.900000000000006, -99.900000000000006, -99.900000000000006, -99.900000000000006, -99.900000000000006, -99.900000000000006, -99.900000000000006, -99.900000000000006, -99.900000000000006, -99.900000000000006, -99.900000000000006, -99.900000000000006, -99.900000000000006, -99.900000000000006, -99.900000000000006], u'i_sigma': [-99.0, -99.0, -99.0, -99.0, -99.0, -99.0, -99.0, -99.0, -99.0, -99.0, -99.0, -99.0, -99.0, -99.0, -99.0, -99.0, -99.0, -99.0, -99.0, -99.0]}, u'compatible_lattices': {u'volume': [397222.97473407438, 397222.97473407438, 397222.97473407438], u'unit_cell': [u' 52.1  66.1 116.1  89.5  83.5  89.4', u' 52.1  66.1 116.1  90.5  96.5  89.4', u' 52.1  66.1 116.1  90.5  96.5  89.4'], u'type': [u'aP', u'aP', u'mP'], u'id': [31, 44, 33], u'quality': [0.0, 6.2000000000000002, 23.899999999999999]}, u'diff_statistics': {u'n_friedel': [1], u'n_refl': [1], u'rd': [0.0504], u'rd_non_friedel': [0.0], u'rd_friedel': [0.0504], u'n_non_friedel': [0], u'frame_diff': [3]}}", 
         "sigma_spot": 1.53, 
         "mosaicity": 0.64800000000000002, 
         "unique": 2075, 
         "data": 5, 
         "cell_beta": 96.629999999999995, 
         "kind": 0, 
         "name": "fs3_1_ia", 
         "created": "2010-02-03 12:31:57", 
         "url": "/home/michel/tmp/fs3_1_ia-scrn", 
         "multiplicity": 1.0, 
         "cell_c": 116.59999999999999, 
         "cell_b": 66.579999999999998, 
         "cell_a": 52.560000000000002, 
         "project": 1, 
         "crystal": 1, 
         "reflections": 2075, 
         "ice_rings": 3, 
         "resolution": 2.2400000000000002
      }
   }, 
   {
      "pk": 13, 
      "model": "lims.result", 
      "fields": {
         "r_mrgdf": 13.199999999999999, 
         "cell_alpha": 90.0, 
         "cell_gamma": 90.0, 
         "sigma_angle": 0.10000000000000001, 
         "modified": "2010-02-03 13:40:05", 
         "completeness": 83.5, 
         "score": 0.69013552316141102, 
         "r_meas": 5.4000000000000004, 
         "space_group": 92, 
         "i_sigma": 18.620000000000001, 
         "experiment": 1, 
         "details": "{u'spacegroup_selection': {u'space_group': [92, 96, 91, 95, 90], u'probability': [0.96799999999999997, 0.96799999999999997, 0.014, 0.014, 0.010999999999999999], u'name': [u'P4(1)2(1)2', u'P4(3)2(1)2', u'P4(1)22', u'P4(3)22', u'P42(1)2']}, u'frame_statistics': {u'unique': [1, 0, 1, 1, 0, 0, 1, 1, 0, 1, 3, 1, 0, 1, 1, 0, 2, 1, 0, 3, 1, 1, 2, 1, 2, 1, 1, 1, 1, 2, 1, 1, 1, 0, 1, 1, 1, 1, 1, 2, 0, 1, 0, 1, 0, 1, 2, 1, 0, 0, 2, 0, 1, 1, 1, 1, 1, 1, 0, 2, 0, 1, 0, 0, 1, 0, 1, 0, 2, 0, 1, 1, 0, 0, 0, 1, 0, 2, 0, 0, 0, 1, 0, 2, 0, 0, 1, 0, 0, 0, 1, 0, 1, 0, 1, 0, 1, 1, 1, 0, 1, 0, 0, 1, 1, 1, 1, 0, 1, 0, 0, 2, 1, 2, 0, 2, 1, 2, 0, 0, 1, 0, 0, 1, 1, 1, 0, 1, 2, 1, 0, 1, 0, 1, 0, 0, 0, 0, 1, 1, 2, 1, 1, 2, 0, 2, 0, 0, 1, 0, 2, 1, 1, 2, 1, 0, 4, 3, 1, 3, 2, 2, 0, 3, 0, 1, 3, 2, 2, 2, 1, 2, 0, 0, 5, 2, 2, 4, 2, 1, 1, 2, 2, 2, 0, 2, 0, 0, 0, 1, 0, 0, 0, 2, 0, 0, 0, 1, 0, 0, 0, 0, 1, 0, 2, 0, 1, 2, 2, 3, 0, 2, 1, 0, 6, 1, 0, 1, 0, 1, 0, 2, 0, 1, 1, 1, 2, 0, 0, 0, 2, 1, 0, 0, 1, 1, 1, 0, 0, 0, 0, 2, 0, 3, 0, 0, 2, 1, 0, 0, 1, 2, 1, 2, 1, 3, 1, 1, 0, 1, 2, 1, 1, 2, 1, 2, 1, 1, 2, 0, 2, 0, 2, 2, 3, 0, 2, 2, 0, 3, 0, 2, 0, 1, 4, 0, 1, 0, 0, 3, 0, 1, 0, 0, 1, 1, 0, 0, 0, 0, 0, 0, 1, 0, 0, 0, 0, 0, 1, 1, 0, 1, 1, 0, 1, 0, 1, 1, 1, 1, 1, 2, 1, 0, 1, 1, 1, 1, 1, 1, 0, 2, 1, 1, 1, 1, 2, 0, 1, 1, 1, 1, 0, 0, 1, 2, 0, 0, 0, 0, 0, 0, 0, 0, 0, 0, 0, 0, 0, 0], u'scale': [1.0209999999999999, 1.0309999999999999, 1.0029999999999999, 1.02, 1.028, 1.006, 1.002, 1.0189999999999999, 1.1160000000000001, 1.014, 1.012, 1.0049999999999999, 1.0209999999999999, 1.0029999999999999, 1.0029999999999999, 1.0169999999999999, 0.996, 1.014, 1.012, 1.006, 0.999, 0.995, 0.98799999999999999, 0.97899999999999998, 0.98599999999999999, 0.97799999999999998, 0.98199999999999998, 1.0269999999999999, 0.998, 0.97099999999999997, 0.97999999999999998, 0.97599999999999998, 0.98299999999999998, 0.97599999999999998, 0.97299999999999998, 0.96599999999999997, 1.0049999999999999, 0.96299999999999997, 0.97299999999999998, 0.95399999999999996, 0.95799999999999996, 0.95799999999999996, 0.95699999999999996, 0.96599999999999997, 0.95599999999999996, 0.93999999999999995, 0.94799999999999995, 0.94899999999999995, 0.93700000000000006, 0.94199999999999995, 0.93100000000000005, 0.93000000000000005, 0.94199999999999995, 0.93300000000000005, 0.96099999999999997, 0.91600000000000004, 0.92800000000000005, 0.92700000000000005, 0.93899999999999995, 0.92000000000000004, 0.93000000000000005, 0.94399999999999995, 0.96499999999999997, 0.94199999999999995, 0.91900000000000004, 0.93400000000000005, 0.93200000000000005, 0.93000000000000005, 0.93000000000000005, 0.91600000000000004, 0.92900000000000005, 0.91600000000000004, 0.92200000000000004, 0.91700000000000004, 0.91100000000000003, 0.91500000000000004, 0.91300000000000003, 0.91200000000000003, 0.90400000000000003, 0.92400000000000004, 0.90800000000000003, 0.91400000000000003, 0.91100000000000003, 0.91700000000000004, 0.90800000000000003, 0.90400000000000003, 0.92500000000000004, 1.008, 0.90300000000000002, 0.89600000000000002, 0.91000000000000003, 0.96999999999999997, 0.89400000000000002, 0.90100000000000002, 0.90200000000000002, 0.90500000000000003, 0.90300000000000002, 0.90800000000000003, 0.90100000000000002, 0.90100000000000002, 0.90800000000000003, 0.92300000000000004, 0.92000000000000004, 0.91600000000000004, 0.91000000000000003, 0.90500000000000003, 0.91700000000000004, 0.92400000000000004, 0.91600000000000004, 0.91500000000000004, 0.92600000000000005, 0.90900000000000003, 0.90500000000000003, 0.91200000000000003, 0.91500000000000004, 0.90700000000000003, 0.90400000000000003, 0.92100000000000004, 0.92000000000000004, 0.92500000000000004, 0.94199999999999995, 0.92500000000000004, 0.93400000000000005, 0.92100000000000004, 0.92600000000000005, 0.93300000000000005, 0.93899999999999995, 0.94299999999999995, 0.92600000000000005, 0.94399999999999995, 0.94099999999999995, 0.94499999999999995, 0.94299999999999995, 0.96199999999999997, 0.96299999999999997, 0.96799999999999997, 0.96499999999999997, 0.95299999999999996, 0.94799999999999995, 0.95799999999999996, 0.97899999999999998, 0.97199999999999998, 0.97499999999999998, 0.97699999999999998, 1.0, 1.0089999999999999, 0.997, 0.98299999999999998, 0.997, 1.0249999999999999, 1.0269999999999999, 1.0609999999999999, 0.995, 1.0049999999999999, 1.0029999999999999, 0.998, 1.0429999999999999, 1.014, 1.0640000000000001, 1.0389999999999999, 1.022, 1.0229999999999999, 1.038, 1.034, 1.0660000000000001, 1.03, 1.0649999999999999, 1.034, 1.0549999999999999, 1.0920000000000001, 1.0720000000000001, 1.0880000000000001, 1.0549999999999999, 1.0840000000000001, 1.0800000000000001, 1.218, 1.0920000000000001, 1.069, 1.0820000000000001, 1.1020000000000001, 1.0800000000000001, 1.107, 1.101, 1.1100000000000001, 1.117, 1.1160000000000001, 1.1399999999999999, 1.0880000000000001, 1.1850000000000001, 1.147, 1.115, 1.1200000000000001, 1.101, 1.101, 1.1180000000000001, 1.119, 1.1220000000000001, 1.1719999999999999, 1.1259999999999999, 1.1180000000000001, 1.115, 1.1180000000000001, 1.133, 1.131, 1.167, 1.139, 1.1930000000000001, 1.167, 1.1659999999999999, 1.165, 1.1279999999999999, 1.137, 1.25, 1.1779999999999999, 1.139, 1.1399999999999999, 1.1759999999999999, 1.1339999999999999, 1.1479999999999999, 1.173, 1.1739999999999999, 1.167, 1.1719999999999999, 1.1699999999999999, 1.1850000000000001, 1.155, 1.1930000000000001, 1.226, 1.238, 1.2390000000000001, 1.151, 1.1599999999999999, 1.26, 1.1439999999999999, 1.1719999999999999, 1.161, 1.1619999999999999, 1.1739999999999999, 1.163, 1.151, 1.177, 1.1619999999999999, 1.149, 1.163, 1.1659999999999999, 1.157, 1.1779999999999999, 1.1830000000000001, 1.1779999999999999, 1.284, 1.1910000000000001, 1.1679999999999999, 1.159, 1.1799999999999999, 1.208, 1.1890000000000001, 1.22, 1.2669999999999999, 1.248, 1.254, 1.224, 1.1859999999999999, 1.1870000000000001, 1.2629999999999999, 1.2729999999999999, 1.2050000000000001, 1.196, 1.2270000000000001, 1.1559999999999999, 1.1699999999999999, 1.2190000000000001, 1.2150000000000001, 1.1719999999999999, 1.181, 1.1699999999999999, 1.204, 1.212, 1.1890000000000001, 1.1759999999999999, 1.1970000000000001, 1.21, 1.167, 1.1890000000000001, 1.1930000000000001, 1.1599999999999999, 1.177, 1.1619999999999999, 1.1779999999999999, 1.2669999999999999, 1.2, 1.302, 1.2170000000000001, 1.1739999999999999, 1.1719999999999999, 1.1739999999999999, 1.208, 1.222, 1.1619999999999999, 1.151, 1.171, 1.1539999999999999, 1.1459999999999999, 1.141, 1.1339999999999999, 1.1399999999999999, 1.161, 1.133, 1.141, 1.157, 1.161, 1.1399999999999999, 1.145, 1.145, 1.1459999999999999, 1.125, 1.1499999999999999, 1.131, 1.149, 1.1519999999999999, 1.2929999999999999, 1.171, 1.1519999999999999, 1.1319999999999999, 1.1379999999999999, 1.1399999999999999, 1.1499999999999999, 1.1100000000000001, 1.1319999999999999, 1.123, 1.117, 1.1200000000000001, 1.1180000000000001, 1.167, 1.1140000000000001, 1.135, 1.111, 1.1020000000000001, 1.113, 1.115, 1.149, 1.083, 1.141, 1.0980000000000001, 1.131, 1.1160000000000001, 1.113, 1.0940000000000001, 1.135, 1.0940000000000001, 1.1100000000000001, 1.1839999999999999, 1.091, 1.0900000000000001, 1.145, 1.0880000000000001, 1.1160000000000001, 1.089, 1.202, 1.1639999999999999, 1.0960000000000001], u'overloads': [4, 2, 3, 0, 0, 3, 3, 4, 1, 3, 3, 3, 2, 2, 2, 3, 4, 2, 5, 3, 1, 1, 1, 1, 0, 1, 3, 2, 5, 3, 3, 2, 2, 1, 0, 3, 4, 3, 4, 3, 2, 2, 1, 1, 1, 3, 3, 2, 4, 5, 3, 3, 1, 1, 3, 1, 3, 3, 4, 1, 4, 6, 2, 2, 4, 5, 4, 3, 1, 5, 1, 1, 1, 1, 1, 2, 1, 1, 0, 1, 0, 2, 4, 2, 1, 0, 2, 1, 2, 1, 1, 2, 2, 2, 0, 0, 1, 1, 3, 3, 1, 1, 1, 2, 1, 0, 3, 3, 1, 1, 1, 1, 5, 2, 1, 2, 1, 0, 0, 0, 2, 3, 1, 5, 5, 3, 4, 3, 0, 2, 3, 3, 1, 0, 4, 2, 2, 2, 2, 1, 2, 2, 1, 3, 1, 4, 1, 0, 0, 1, 1, 3, 2, 3, 1, 0, 1, 0, 0, 1, 2, 0, 1, 0, 2, 0, 1, 2, 0, 0, 1, 5, 3, 2, 3, 2, 3, 1, 1, 1, 1, 2, 2, 1, 2, 3, 1, 1, 0, 1, 1, 0, 2, 2, 2, 0, 0, 2, 1, 0, 2, 1, 0, 0, 2, 0, 0, 2, 0, 3, 2, 2, 1, 1, 1, 2, 2, 1, 3, 3, 0, 1, 0, 2, 1, 1, 1, 1, 0, 3, 3, 2, 1, 1, 2, 2, 3, 2, 2, 4, 2, 1, 5, 5, 2, 2, 3, 0, 2, 4, 3, 2, 4, 2, 2, 3, 0, 2, 3, 2, 1, 0, 0, 2, 1, 3, 1, 2, 2, 3, 3, 0, 0, 0, 4, 3, 0, 1, 3, 1, 2, 4, 2, 1, 4, 3, 4, 1, 0, 1, 2, 2, 2, 1, 1, 0, 0, 3, 5, 1, 1, 1, 4, 2, 1, 2, 2, 7, 2, 0, 5, 6, 0, 4, 1, 0, 1, 1, 1, 3, 2, 1, 2, 6, 1, 1, 3, 2, 1, 2, 1, 4, 1, 0, 2, 3, 4, 3, 0, 2, 2, 5, 1, 2, 2, 3, 4, 3, 1, 1, 2, 2, 3, 1, 3, 1, 0, 5, 4, 3], u'r_meas': [0.076600000000000001, 0.067900000000000002, 0.0579, 0.069000000000000006, 0.061899999999999997, 0.062100000000000002, 0.064699999999999994, 0.088200000000000001, 0.076200000000000004, 0.067500000000000004, 0.065299999999999997, 0.0591, 0.059900000000000002, 0.060100000000000001, 0.068599999999999994, 0.063600000000000004, 0.061100000000000002, 0.063, 0.066000000000000003, 0.054800000000000001, 0.0688, 0.062700000000000006, 0.060299999999999999, 0.055199999999999999, 0.059900000000000002, 0.052400000000000002, 0.063, 0.061600000000000002, 0.059999999999999998, 0.061100000000000002, 0.064299999999999996, 0.057000000000000002, 0.056099999999999997, 0.0625, 0.062, 0.061100000000000002, 0.055599999999999997, 0.059499999999999997, 0.063200000000000006, 0.055500000000000001, 0.0557, 0.057500000000000002, 0.066299999999999998, 0.058000000000000003, 0.052900000000000003, 0.056099999999999997, 0.060600000000000001, 0.054800000000000001, 0.062199999999999998, 0.060999999999999999, 0.058500000000000003, 0.056500000000000002, 0.054800000000000001, 0.052900000000000003, 0.0557, 0.058500000000000003, 0.051499999999999997, 0.056399999999999999, 0.061199999999999997, 0.059400000000000001, 0.063, 0.061400000000000003, 0.054600000000000003, 0.060600000000000001, 0.057799999999999997, 0.059400000000000001, 0.050700000000000002, 0.050700000000000002, 0.0567, 0.053400000000000003, 0.056500000000000002, 0.051299999999999998, 0.0511, 0.053100000000000001, 0.051700000000000003, 0.055199999999999999, 0.050099999999999999, 0.053800000000000001, 0.052900000000000003, 0.052699999999999997, 0.060199999999999997, 0.055, 0.050299999999999997, 0.050999999999999997, 0.048899999999999999, 0.060100000000000001, 0.0567, 0.058500000000000003, 0.050700000000000002, 0.056399999999999999, 0.0596, 0.058299999999999998, 0.056899999999999999, 0.061600000000000002, 0.056500000000000002, 0.0533, 0.053999999999999999, 0.046100000000000002, 0.060999999999999999, 0.055199999999999999, 0.055199999999999999, 0.058700000000000002, 0.058900000000000001, 0.0504, 0.056599999999999998, 0.053499999999999999, 0.0521, 0.052499999999999998, 0.050900000000000001, 0.0511, 0.0482, 0.0579, 0.064799999999999996, 0.051900000000000002, 0.0562, 0.052699999999999997, 0.058400000000000001, 0.049000000000000002, 0.060499999999999998, 0.058200000000000002, 0.057799999999999997, 0.054899999999999997, 0.055199999999999999, 0.062700000000000006, 0.050099999999999999, 0.0574, 0.058400000000000001, 0.048599999999999997, 0.060400000000000002, 0.054699999999999999, 0.057099999999999998, 0.055399999999999998, 0.0557, 0.055, 0.060699999999999997, 0.059900000000000002, 0.056899999999999999, 0.0567, 0.063200000000000006, 0.052600000000000001, 0.054100000000000002, 0.066299999999999998, 0.061100000000000002, 0.057599999999999998, 0.056300000000000003, 0.060699999999999997, 0.057500000000000002, 0.072099999999999997, 0.064000000000000001, 0.064299999999999996, 0.055, 0.0574, 0.0608, 0.056800000000000003, 0.061699999999999998, 0.066500000000000004, 0.058400000000000001, 0.058500000000000003, 0.052699999999999997, 0.058400000000000001, 0.052900000000000003, 0.059400000000000001, 0.056099999999999997, 0.052600000000000001, 0.0596, 0.055500000000000001, 0.055300000000000002, 0.059999999999999998, 0.058400000000000001, 0.059799999999999999, 0.055199999999999999, 0.054300000000000001, 0.050900000000000001, 0.056399999999999999, 0.060299999999999999, 0.064199999999999993, 0.052900000000000003, 0.058000000000000003, 0.060999999999999999, 0.058500000000000003, 0.0487, 0.056000000000000001, 0.063799999999999996, 0.048500000000000001, 0.058999999999999997, 0.049599999999999998, 0.058299999999999998, 0.058500000000000003, 0.062, 0.063500000000000001, 0.052900000000000003, 0.057599999999999998, 0.0613, 0.055199999999999999, 0.055800000000000002, 0.061100000000000002, 0.0574, 0.0545, 0.0533, 0.051499999999999997, 0.058900000000000001, 0.054800000000000001, 0.052699999999999997, 0.054199999999999998, 0.058099999999999999, 0.053499999999999999, 0.056500000000000002, 0.054300000000000001, 0.059400000000000001, 0.063700000000000007, 0.052499999999999998, 0.058599999999999999, 0.066600000000000006, 0.064500000000000002, 0.053400000000000003, 0.050999999999999997, 0.060999999999999999, 0.053600000000000002, 0.060100000000000001, 0.060699999999999997, 0.056300000000000003, 0.051700000000000003, 0.056500000000000002, 0.060699999999999997, 0.085999999999999993, 0.073899999999999993, 0.052200000000000003, 0.064000000000000001, 0.059900000000000002, 0.063, 0.058000000000000003, 0.058299999999999998, 0.068599999999999994, 0.062799999999999995, 0.0504, 0.055500000000000001, 0.055100000000000003, 0.061600000000000002, 0.050099999999999999, 0.060499999999999998, 0.054100000000000002, 0.055599999999999997, 0.053800000000000001, 0.0528, 0.063899999999999998, 0.055500000000000001, 0.054399999999999997, 0.057000000000000002, 0.055800000000000002, 0.0625, 0.059299999999999999, 0.059900000000000002, 0.074099999999999999, 0.0625, 0.060299999999999999, 0.055, 0.0596, 0.066799999999999998, 0.055199999999999999, 0.063799999999999996, 0.059799999999999999, 0.050999999999999997, 0.060199999999999997, 0.062, 0.063600000000000004, 0.057299999999999997, 0.051799999999999999, 0.055800000000000002, 0.0659, 0.058000000000000003, 0.062799999999999995, 0.053699999999999998, 0.052499999999999998, 0.058400000000000001, 0.050299999999999997, 0.063799999999999996, 0.053100000000000001, 0.057500000000000002, 0.0521, 0.061800000000000001, 0.067299999999999999, 0.058299999999999998, 0.055599999999999997, 0.059700000000000003, 0.054800000000000001, 0.061800000000000001, 0.064000000000000001, 0.057000000000000002, 0.080100000000000005, 0.072300000000000003, 0.075700000000000003, 0.061899999999999997, 0.053900000000000003, 0.062899999999999998, 0.067299999999999999, 0.057200000000000001, 0.065299999999999997, 0.063, 0.059499999999999997, 0.063200000000000006, 0.064500000000000002, 0.061899999999999997, 0.060699999999999997, 0.0567, 0.058900000000000001, 0.064500000000000002, 0.0533, 0.056800000000000003, 0.057099999999999998, 0.065199999999999994, 0.059299999999999999, 0.0562, 0.063600000000000004, 0.060400000000000002, 0.061600000000000002, 0.060600000000000001, 0.060900000000000003, 0.059499999999999997, 0.081199999999999994, 0.092899999999999996, 0.056500000000000002, 0.058200000000000002, 0.055399999999999998, 0.067599999999999993, 0.0608, 0.062700000000000006, 0.063299999999999995, 0.059200000000000003, 0.069500000000000006, 0.066500000000000004, 0.059999999999999998, 0.0533, 0.056500000000000002, 0.063500000000000001, 0.064100000000000004, 0.064699999999999994, 0.057500000000000002, 0.061600000000000002, 0.055300000000000002, 0.0746, 0.065600000000000006, 0.070900000000000005, 0.058000000000000003, 0.065600000000000006, 0.066600000000000006, 0.060400000000000002, 0.059999999999999998, 0.074800000000000005, 0.056500000000000002, 0.069699999999999998, 0.062199999999999998, 0.067599999999999993, 0.067599999999999993, 0.068199999999999997, 0.063299999999999995, 0.061800000000000001, 0.067599999999999993, 0.083500000000000005, 0.085800000000000001, 0.094899999999999998], u'frame': [1, 2, 3, 4, 5, 6, 7, 8, 9, 10, 11, 12, 13, 14, 15, 16, 17, 18, 19, 20, 21, 22, 23, 24, 25, 26, 27, 28, 29, 30, 31, 32, 33, 34, 35, 36, 37, 38, 39, 40, 41, 42, 43, 44, 45, 46, 47, 48, 49, 50, 51, 52, 53, 54, 55, 56, 57, 58, 59, 60, 61, 62, 63, 64, 65, 66, 67, 68, 69, 70, 71, 72, 73, 74, 75, 76, 77, 78, 79, 80, 81, 82, 83, 84, 85, 86, 87, 88, 89, 90, 91, 92, 93, 94, 95, 96, 97, 98, 99, 100, 101, 102, 103, 104, 105, 106, 107, 108, 109, 110, 111, 112, 113, 114, 115, 116, 117, 118, 119, 120, 121, 122, 123, 124, 125, 126, 127, 128, 129, 130, 131, 132, 133, 134, 135, 136, 137, 138, 139, 140, 141, 142, 143, 144, 145, 146, 147, 148, 149, 150, 151, 152, 153, 154, 155, 156, 157, 158, 159, 160, 161, 162, 163, 164, 165, 166, 167, 168, 169, 170, 171, 172, 173, 174, 175, 176, 177, 178, 179, 180, 181, 182, 183, 184, 185, 186, 187, 188, 189, 190, 191, 192, 193, 194, 195, 196, 197, 198, 199, 200, 201, 202, 203, 204, 205, 206, 207, 208, 209, 210, 211, 212, 213, 214, 215, 216, 217, 218, 219, 220, 221, 222, 223, 224, 225, 226, 227, 228, 229, 230, 231, 232, 233, 234, 235, 236, 237, 238, 239, 240, 241, 242, 243, 244, 245, 246, 247, 248, 249, 250, 251, 252, 253, 254, 255, 256, 257, 258, 259, 260, 261, 262, 263, 264, 265, 266, 267, 268, 269, 270, 271, 272, 273, 274, 275, 276, 277, 278, 279, 280, 281, 282, 283, 284, 285, 286, 287, 288, 289, 290, 291, 292, 293, 294, 295, 296, 297, 298, 299, 300, 301, 302, 303, 304, 305, 306, 307, 308, 309, 310, 311, 312, 313, 314, 315, 316, 317, 318, 319, 320, 321, 322, 323, 324, 325, 326, 327, 328, 329, 330, 331, 332, 333, 334, 335, 336, 337, 338, 339, 340, 341, 342, 343, 344, 345, 346, 347, 348, 349, 350, 351, 352, 353, 354, 355, 356, 357, 358, 359, 360], u'divergence': [0.094, 0.091700000000000004, 0.091300000000000006, 0.092799999999999994, 0.091899999999999996, 0.093600000000000003, 0.093399999999999997, 0.091800000000000007, 0.091899999999999996, 0.089999999999999997, 0.090800000000000006, 0.091499999999999998, 0.091700000000000004, 0.091200000000000003, 0.091999999999999998, 0.089999999999999997, 0.090899999999999995, 0.0906, 0.090200000000000002, 0.089999999999999997, 0.092899999999999996, 0.090800000000000006, 0.091700000000000004, 0.091200000000000003, 0.093200000000000005, 0.088099999999999998, 0.089700000000000002, 0.088700000000000001, 0.091399999999999995, 0.090499999999999997, 0.089899999999999994, 0.090200000000000002, 0.088999999999999996, 0.088099999999999998, 0.087800000000000003, 0.087300000000000003, 0.085900000000000004, 0.086300000000000002, 0.085999999999999993, 0.087800000000000003, 0.089099999999999999, 0.086900000000000005, 0.087800000000000003, 0.087599999999999997, 0.085500000000000007, 0.087099999999999997, 0.086499999999999994, 0.084699999999999998, 0.086400000000000005, 0.086199999999999999, 0.084599999999999995, 0.085400000000000004, 0.084099999999999994, 0.084400000000000003, 0.083500000000000005, 0.084500000000000006, 0.083400000000000002, 0.082100000000000006, 0.082400000000000001, 0.0843, 0.083199999999999996, 0.082799999999999999, 0.0843, 0.082100000000000006, 0.083900000000000002, 0.084500000000000006, 0.083400000000000002, 0.082000000000000003, 0.082400000000000001, 0.082400000000000001, 0.080799999999999997, 0.082299999999999998, 0.081799999999999998, 0.080399999999999999, 0.0809, 0.0814, 0.080600000000000005, 0.080100000000000005, 0.079500000000000001, 0.079600000000000004, 0.079699999999999993, 0.080199999999999994, 0.081799999999999998, 0.079899999999999999, 0.079299999999999995, 0.079399999999999998, 0.078899999999999998, 0.078200000000000006, 0.079500000000000001, 0.078299999999999995, 0.077899999999999997, 0.078200000000000006, 0.077600000000000002, 0.078899999999999998, 0.077899999999999997, 0.078299999999999995, 0.078399999999999997, 0.078200000000000006, 0.078899999999999998, 0.077600000000000002, 0.077600000000000002, 0.076700000000000004, 0.076799999999999993, 0.076899999999999996, 0.078200000000000006, 0.078700000000000006, 0.077700000000000005, 0.077600000000000002, 0.076399999999999996, 0.077399999999999997, 0.076499999999999999, 0.076499999999999999, 0.076899999999999996, 0.075700000000000003, 0.076700000000000004, 0.076100000000000001, 0.075200000000000003, 0.077600000000000002, 0.077899999999999997, 0.077299999999999994, 0.074899999999999994, 0.076100000000000001, 0.074700000000000003, 0.076300000000000007, 0.077100000000000002, 0.0751, 0.075200000000000003, 0.075399999999999995, 0.076100000000000001, 0.074399999999999994, 0.074700000000000003, 0.077600000000000002, 0.075999999999999998, 0.074899999999999994, 0.076100000000000001, 0.076100000000000001, 0.076200000000000004, 0.076700000000000004, 0.0746, 0.075600000000000001, 0.076899999999999996, 0.075700000000000003, 0.074700000000000003, 0.075899999999999995, 0.076200000000000004, 0.075899999999999995, 0.076899999999999996, 0.075399999999999995, 0.073999999999999996, 0.075499999999999998, 0.074700000000000003, 0.075399999999999995, 0.076100000000000001, 0.075300000000000006, 0.075300000000000006, 0.075200000000000003, 0.075700000000000003, 0.077399999999999997, 0.076700000000000004, 0.074800000000000005, 0.076200000000000004, 0.074800000000000005, 0.077200000000000005, 0.075899999999999995, 0.074800000000000005, 0.077399999999999997, 0.077799999999999994, 0.076999999999999999, 0.078100000000000003, 0.075800000000000006, 0.077299999999999994, 0.077399999999999997, 0.077399999999999997, 0.0785, 0.077299999999999994, 0.077899999999999997, 0.077899999999999997, 0.077600000000000002, 0.078100000000000003, 0.078600000000000003, 0.078799999999999995, 0.078299999999999995, 0.078399999999999997, 0.078899999999999998, 0.079399999999999998, 0.079399999999999998, 0.080100000000000005, 0.079299999999999995, 0.0785, 0.079299999999999995, 0.079299999999999995, 0.079299999999999995, 0.079100000000000004, 0.077499999999999999, 0.079899999999999999, 0.080399999999999999, 0.079500000000000001, 0.079200000000000007, 0.079200000000000007, 0.079100000000000004, 0.079399999999999998, 0.078600000000000003, 0.080600000000000005, 0.079100000000000004, 0.079299999999999995, 0.079299999999999995, 0.081000000000000003, 0.080100000000000005, 0.080000000000000002, 0.077600000000000002, 0.080799999999999997, 0.079200000000000007, 0.0814, 0.080000000000000002, 0.080100000000000005, 0.081699999999999995, 0.081000000000000003, 0.081900000000000001, 0.083000000000000004, 0.081900000000000001, 0.081500000000000003, 0.080799999999999997, 0.082199999999999995, 0.081100000000000005, 0.082900000000000001, 0.081000000000000003, 0.082799999999999999, 0.081799999999999998, 0.081699999999999995, 0.081500000000000003, 0.081500000000000003, 0.082600000000000007, 0.081299999999999997, 0.083299999999999999, 0.082500000000000004, 0.082600000000000007, 0.082400000000000001, 0.082799999999999999, 0.083799999999999999, 0.082500000000000004, 0.083099999999999993, 0.083099999999999993, 0.083599999999999994, 0.083500000000000005, 0.0843, 0.082600000000000007, 0.084400000000000003, 0.083699999999999997, 0.084400000000000003, 0.085500000000000007, 0.085300000000000001, 0.084099999999999994, 0.084099999999999994, 0.084000000000000005, 0.086099999999999996, 0.086599999999999996, 0.085300000000000001, 0.084500000000000006, 0.085599999999999996, 0.0843, 0.085900000000000004, 0.084900000000000003, 0.087099999999999997, 0.086400000000000005, 0.085599999999999996, 0.086800000000000002, 0.085199999999999998, 0.085800000000000001, 0.084699999999999998, 0.085199999999999998, 0.085599999999999996, 0.086900000000000005, 0.085199999999999998, 0.087599999999999997, 0.085800000000000001, 0.087400000000000005, 0.087900000000000006, 0.087400000000000005, 0.0872, 0.088999999999999996, 0.087300000000000003, 0.087499999999999994, 0.087400000000000005, 0.086400000000000005, 0.086699999999999999, 0.087900000000000006, 0.087099999999999997, 0.086199999999999999, 0.0877, 0.085500000000000007, 0.087400000000000005, 0.088200000000000001, 0.089099999999999999, 0.088200000000000001, 0.088400000000000006, 0.089300000000000004, 0.0901, 0.089099999999999999, 0.090200000000000002, 0.088599999999999998, 0.088900000000000007, 0.089399999999999993, 0.088900000000000007, 0.088999999999999996, 0.088900000000000007, 0.089399999999999993, 0.089300000000000004, 0.090499999999999997, 0.089700000000000002, 0.088300000000000003, 0.090200000000000002, 0.089700000000000002, 0.091200000000000003, 0.089599999999999999, 0.091399999999999995, 0.091499999999999998, 0.089999999999999997, 0.092100000000000001, 0.091300000000000006, 0.090899999999999995, 0.090899999999999995, 0.090300000000000005, 0.090800000000000006, 0.091300000000000006, 0.089700000000000002, 0.091200000000000003, 0.0906, 0.091499999999999998, 0.089700000000000002, 0.092200000000000004, 0.090700000000000003, 0.090700000000000003, 0.091899999999999996, 0.091499999999999998, 0.093700000000000006, 0.092499999999999999, 0.093100000000000002, 0.092600000000000002, 0.091999999999999998, 0.092700000000000005, 0.091700000000000004, 0.092399999999999996, 0.093100000000000002, 0.093600000000000003, 0.094600000000000004, 0.092600000000000002, 0.092899999999999996, 0.091499999999999998, 0.092799999999999994, 0.091399999999999995, 0.088499999999999995, 0.092299999999999993, 0.0901, 0.090999999999999998, 0.092600000000000002, 0.091399999999999995, 0.091399999999999995, 0.0901, 0.092999999999999999, 0.092499999999999999], u'i_sigma': [13.19, 12.550000000000001, 14.67, 13.15, 13.539999999999999, 13.4, 13.58, 11.69, 12.9, 12.93, 13.359999999999999, 14.0, 13.75, 14.07, 12.07, 13.51, 13.9, 13.01, 12.550000000000001, 14.300000000000001, 13.06, 13.1, 13.27, 14.390000000000001, 13.4, 15.01, 13.27, 12.85, 13.630000000000001, 13.77, 13.44, 14.19, 14.16, 12.76, 13.18, 14.15, 13.619999999999999, 13.32, 12.359999999999999, 14.59, 14.65, 13.130000000000001, 12.43, 13.470000000000001, 14.5, 13.59, 13.01, 13.92, 13.130000000000001, 13.300000000000001, 14.27, 13.69, 14.119999999999999, 14.130000000000001, 13.859999999999999, 13.57, 14.949999999999999, 13.69, 13.41, 13.449999999999999, 14.16, 13.640000000000001, 13.5, 13.09, 13.09, 12.960000000000001, 14.27, 14.41, 12.82, 14.02, 14.220000000000001, 14.199999999999999, 14.17, 13.699999999999999, 14.32, 13.92, 14.4, 13.43, 14.619999999999999, 14.32, 13.130000000000001, 14.33, 13.630000000000001, 14.27, 14.56, 13.24, 13.789999999999999, 14.17, 14.800000000000001, 14.19, 13.5, 13.31, 13.57, 12.529999999999999, 13.33, 14.34, 14.039999999999999, 15.08, 12.84, 13.75, 14.32, 13.07, 12.74, 14.17, 13.550000000000001, 14.210000000000001, 13.279999999999999, 13.84, 14.07, 14.32, 13.640000000000001, 12.119999999999999, 12.02, 13.6, 12.66, 13.83, 12.69, 14.24, 12.67, 12.109999999999999, 13.050000000000001, 13.74, 13.529999999999999, 11.859999999999999, 14.57, 12.529999999999999, 13.06, 14.140000000000001, 13.35, 13.43, 13.59, 13.4, 13.23, 13.24, 12.699999999999999, 12.98, 12.93, 13.16, 12.970000000000001, 14.210000000000001, 13.19, 11.539999999999999, 12.42, 12.949999999999999, 12.73, 12.76, 12.359999999999999, 11.210000000000001, 12.26, 12.07, 13.18, 13.539999999999999, 12.449999999999999, 12.82, 11.890000000000001, 12.5, 13.16, 13.210000000000001, 14.0, 13.640000000000001, 13.92, 12.4, 12.800000000000001, 13.5, 12.23, 13.34, 13.34, 13.23, 13.359999999999999, 12.640000000000001, 13.42, 13.09, 14.130000000000001, 13.640000000000001, 13.1, 12.76, 13.02, 13.449999999999999, 13.029999999999999, 13.289999999999999, 13.550000000000001, 13.039999999999999, 11.720000000000001, 13.93, 12.07, 14.67, 12.99, 13.5, 11.630000000000001, 12.65, 13.619999999999999, 13.07, 12.06, 12.779999999999999, 12.75, 12.300000000000001, 12.75, 12.67, 13.65, 13.32, 12.4, 12.67, 13.279999999999999, 12.5, 12.23, 14.01, 13.119999999999999, 13.369999999999999, 12.130000000000001, 11.93, 13.17, 13.02, 13.27, 12.16, 13.41, 14.140000000000001, 12.33, 13.609999999999999, 13.57, 12.18, 12.970000000000001, 13.65, 13.390000000000001, 12.76, 13.06, 11.539999999999999, 13.199999999999999, 11.609999999999999, 12.720000000000001, 12.130000000000001, 12.869999999999999, 13.02, 11.74, 11.960000000000001, 13.49, 12.69, 12.91, 12.609999999999999, 13.94, 12.539999999999999, 13.380000000000001, 12.880000000000001, 13.0, 13.140000000000001, 11.460000000000001, 13.369999999999999, 13.550000000000001, 12.869999999999999, 12.77, 13.140000000000001, 12.69, 12.93, 11.23, 12.43, 12.42, 14.07, 12.82, 11.119999999999999, 12.970000000000001, 12.300000000000001, 12.31, 13.75, 12.369999999999999, 12.859999999999999, 12.31, 12.81, 13.470000000000001, 13.07, 12.52, 13.460000000000001, 12.31, 13.460000000000001, 13.77, 12.33, 14.029999999999999, 11.609999999999999, 13.58, 12.630000000000001, 14.59, 12.449999999999999, 11.529999999999999, 13.470000000000001, 13.08, 12.029999999999999, 13.68, 12.51, 12.35, 12.949999999999999, 10.6, 10.99, 11.960000000000001, 12.32, 13.369999999999999, 12.48, 12.16, 12.369999999999999, 12.01, 12.640000000000001, 13.279999999999999, 12.380000000000001, 11.99, 12.27, 12.6, 13.06, 12.43, 11.56, 13.27, 12.970000000000001, 12.98, 12.1, 12.76, 13.17, 11.869999999999999, 12.609999999999999, 11.69, 12.550000000000001, 12.34, 12.449999999999999, 10.69, 10.27, 12.99, 12.859999999999999, 13.33, 10.93, 12.109999999999999, 12.34, 12.48, 12.35, 10.59, 11.67, 12.25, 13.1, 12.56, 11.859999999999999, 11.73, 12.15, 12.33, 12.26, 12.91, 11.15, 11.710000000000001, 11.050000000000001, 12.82, 11.210000000000001, 12.380000000000001, 11.94, 12.31, 10.68, 12.26, 12.08, 12.550000000000001, 12.01, 11.25, 11.91, 12.119999999999999, 12.0, 11.69, 11.789999999999999, 11.24, 10.199999999999999], u'unexpected': [5, 1, 2, 3, 2, 2, 2, 1, 1, 1, 1, 3, 4, 3, 2, 1, 1, 1, 4, 2, 2, 2, 3, 3, 4, 2, 1, 4, 2, 2, 0, 2, 4, 3, 2, 5, 4, 0, 1, 3, 2, 3, 3, 1, 4, 7, 0, 2, 3, 2, 4, 7, 5, 4, 3, 5, 1, 2, 5, 3, 5, 6, 4, 4, 4, 5, 1, 4, 3, 3, 3, 4, 4, 5, 8, 5, 3, 1, 2, 8, 2, 5, 1, 3, 4, 3, 9, 5, 4, 2, 4, 9, 5, 4, 4, 3, 2, 4, 3, 3, 8, 10, 3, 3, 4, 5, 2, 3, 8, 3, 4, 9, 4, 7, 3, 5, 4, 3, 9, 1, 4, 5, 9, 4, 5, 2, 2, 11, 5, 2, 8, 2, 1, 4, 2, 1, 4, 6, 2, 4, 3, 4, 2, 2, 1, 2, 7, 1, 7, 2, 1, 0, 3, 4, 1, 3, 2, 2, 5, 7, 1, 5, 2, 5, 5, 0, 3, 2, 4, 3, 0, 2, 2, 3, 0, 5, 4, 1, 3, 2, 0, 5, 1, 4, 2, 1, 3, 2, 1, 2, 0, 2, 1, 2, 2, 1, 3, 2, 0, 0, 0, 0, 3, 2, 1, 2, 1, 1, 2, 0, 1, 2, 1, 1, 1, 4, 0, 4, 5, 1, 1, 3, 0, 0, 1, 1, 3, 1, 1, 1, 0, 1, 3, 2, 2, 5, 1, 2, 4, 3, 1, 2, 2, 1, 2, 3, 1, 1, 1, 3, 1, 2, 2, 0, 0, 0, 0, 2, 1, 1, 0, 1, 1, 0, 1, 1, 1, 2, 2, 1, 0, 0, 1, 3, 0, 1, 3, 2, 0, 2, 1, 0, 1, 1, 1, 2, 1, 1, 0, 1, 1, 2, 1, 0, 1, 1, 3, 1, 1, 2, 3, 0, 3, 2, 1, 1, 0, 4, 0, 0, 2, 1, 3, 3, 3, 2, 3, 3, 1, 1, 3, 4, 1, 0, 2, 2, 1, 1, 1, 0, 1, 1, 0, 3, 2, 1, 1, 2, 3, 0, 0, 0, 1, 4, 1, 1, 1, 4, 2, 0, 1, 3, 1, 1, 2, 1, 6, 2, 2, 0], u'reflections': [7959, 7956, 7991, 8000, 7974, 7987, 7967, 7997, 7950, 7993, 7899, 7917, 7887, 7912, 7885, 7925, 7883, 7888, 7987, 7908, 7844, 7780, 7804, 7776, 7807, 7818, 7769, 7798, 7795, 7827, 7813, 7768, 7741, 7762, 7760, 7779, 7738, 7782, 7746, 7734, 7692, 7695, 7623, 7638, 7674, 7728, 7684, 7643, 7666, 7637, 7723, 7640, 7662, 7690, 7677, 7684, 7664, 7682, 7687, 7636, 7731, 7802, 7745, 7734, 7755, 7725, 7734, 7717, 7770, 7714, 7821, 7841, 7826, 7811, 7827, 7793, 7825, 7806, 7826, 7836, 7834, 7817, 7814, 7809, 7850, 7793, 7832, 7809, 7830, 7808, 7882, 7922, 7935, 7931, 7935, 7929, 7910, 7923, 7957, 7952, 7863, 7798, 7817, 7778, 7830, 7812, 7801, 7854, 7770, 7818, 8028, 8043, 7991, 8056, 7993, 8037, 7980, 8033, 8034, 8075, 8151, 8049, 8149, 8158, 8087, 8122, 8095, 8043, 8107, 8147, 8183, 8141, 8174, 8175, 8175, 8174, 8189, 8215, 8142, 8125, 8209, 8210, 8214, 8179, 8267, 8238, 8222, 8242, 8240, 8221, 8161, 8193, 8170, 8163, 8134, 8184, 8191, 8133, 8237, 8192, 8301, 8283, 8234, 8220, 8237, 8260, 8258, 8256, 8276, 8256, 8342, 8324, 8358, 8369, 8332, 8283, 8323, 8378, 8337, 8337, 8410, 8411, 8377, 8418, 8375, 8347, 8358, 8404, 8382, 8368, 8324, 8283, 8297, 8326, 8314, 8360, 8336, 8290, 8348, 8363, 8582, 8535, 8498, 8533, 8521, 8544, 8533, 8589, 8581, 8504, 8640, 8602, 8662, 8648, 8618, 8650, 8654, 8648, 8669, 8651, 8742, 8768, 8706, 8751, 8774, 8739, 8763, 8724, 8769, 8780, 8793, 8814, 8815, 8796, 8756, 8835, 8823, 8827, 8780, 8769, 8892, 8888, 8923, 8926, 8936, 8949, 8895, 8903, 8932, 8945, 9009, 8990, 9020, 9011, 8987, 8950, 8985, 8970, 8987, 8966, 8942, 8970, 8986, 8984, 8938, 8971, 8981, 8986, 8966, 9026, 8857, 8907, 8901, 8887, 8889, 8931, 8876, 8890, 8869, 8876, 9053, 9092, 9086, 9141, 9083, 9031, 9087, 9051, 9098, 9150, 8824, 8811, 8816, 8826, 8829, 8802, 8843, 8793, 8843, 8832, 8887, 8924, 8883, 8869, 8875, 8874, 8912, 8879, 8872, 8866, 8730, 8746, 8766, 8706, 8737, 8781, 8724, 8710, 8789, 8752, 8553, 8505, 8533, 8573, 8589, 8555, 8559, 8581, 8560, 8597, 8536, 8547, 8539, 8573, 8576, 8531, 8532, 8571, 8554, 8562, 8339, 8344, 8335, 8319, 8326, 8340, 8310, 8344, 8312, 8329, 8297, 8251, 8262, 8318, 8283, 8291, 8287, 8272, 8289, 8280], u'corr': [0.0, 0.0, 0.0, 0.0, 0.0, 0.0, 0.0, 0.0, 0.0, 0.0, 0.0, 0.0, 0.0, 0.0, 0.0, 0.0, 0.0, 0.0, 0.0, 0.0, 0.0, 0.0, 0.0, 0.0, 0.0, 0.0, 0.0, 0.0, 0.0, 0.0, 0.0, 0.0, 0.0, 0.0, 0.0, 0.0, 0.0, 0.0, 0.0, 0.0, 0.0, 0.0, 0.0, 0.0, 0.0, 0.0, 0.0, 0.0, 0.0, 0.0, 0.0, 0.0, 0.0, 0.0, 0.0, 0.0, 0.0, 0.0, 0.0, 0.0, 0.0, 0.0, 0.0, 0.0, 0.0, 0.0, 0.0, 0.0, 0.0, 0.0, 0.0, 0.0, 0.0, 0.0, 0.0, 0.0, 0.0, 0.0, 0.0, 0.0, 0.0, 0.0, 0.0, 0.0, 0.0, 0.0, 0.0, 0.0, 0.0, 0.0, 0.0, 0.0, 0.0, 0.0, 0.0, 0.0, 0.0, 0.0, 0.0, 0.0, 0.0, 0.0, 0.0, 0.0, 0.0, 0.0, 0.0, 0.0, 0.0, 0.0, 0.0, 0.0, 0.0, 0.0, 0.0, 0.0, 0.0, 0.0, 0.0, 0.0, 0.0, 0.0, 0.0, 0.0, 0.0, 0.0, 0.0, 0.0, 0.0, 0.0, 0.0, 0.0, 0.0, 0.0, 0.0, 0.0, 0.0, 0.0, 0.0, 0.0, 0.0, 0.0, 0.0, 0.0, 0.0, 0.0, 0.0, 0.0, 0.0, 0.0, 0.0, 0.0, 0.0, 0.0, 0.0, 0.0, 0.0, 0.0, 0.0, 0.0, 0.0, 0.0, 0.0, 0.0, 0.0, 0.0, 0.0, 0.0, 0.0, 0.0, 0.0, 0.0, 0.0, 0.0, 0.0, 0.0, 0.0, 0.0, 0.0, 0.0, 0.0, 0.0, 0.0, 0.0, 0.0, 0.0, 0.0, 0.0, 0.0, 0.0, 0.0, 0.0, 0.0, 0.0, 0.0, 0.0, 0.0, 0.0, 0.0, 0.0, 0.0, 0.0, 0.0, 0.0, 0.0, 0.0, 0.0, 0.0, 0.0, 0.0, 0.0, 0.0, 0.0, 0.0, 0.0, 0.0, 0.0, 0.0, 0.0, 0.0, 0.0, 0.0, 0.0, 0.0, 0.0, 0.0, 0.0, 0.0, 0.0, 0.0, 0.0, 0.0, 0.0, 0.0, 0.0, 0.0, 0.0, 0.0, 0.0, 0.0, 0.0, 0.0, 0.0, 0.0, 0.0, 0.0, 0.0, 0.0, 0.0, 0.0, 0.0, 0.0, 0.0, 0.0, 0.0, 0.0, 0.0, 0.0, 0.0, 0.0, 0.0, 0.0, 0.0, 0.0, 0.0, 0.0, 0.0, 0.0, 0.0, 0.0, 0.0, 0.0, 0.0, 0.0, 0.0, 0.0, 0.0, 0.0, 0.0, 0.0, 0.0, 0.0, 0.0, 0.0, 0.0, 0.0, 0.0, 0.0, 0.0, 0.0, 0.0, 0.0, 0.0, 0.0, 0.0, 0.0, 0.0, 0.0, 0.0, 0.0, 0.0, 0.0, 0.0, 0.0, 0.0, 0.0, 0.0, 0.0, 0.0, 0.0, 0.0, 0.0, 0.0, 0.0, 0.0, 0.0, 0.0, 0.0, 0.0, 0.0, 0.0, 0.0, 0.0, 0.0, 0.0, 0.0, 0.0, 0.0, 0.0, 0.0, 0.0, 0.0, 0.0, 0.0, 0.0, 0.0, 0.0, 0.0, 0.0, 0.0, 0.0, 0.0, 0.0, 0.0, 0.0, 0.0, 0.0, 0.0, 0.0, 0.0, 0.0, 0.0, 0.0, 0.0, 0.0, 0.0, 0.0, 0.0, 0.0, 0.0], u'i_obs': [24361.0, 22559.0, 29824.0, 24775.0, 25809.0, 25008.0, 26146.0, 20815.0, 23701.0, 23576.0, 24663.0, 27500.0, 26081.0, 27378.0, 20440.0, 25125.0, 26249.0, 23379.0, 22467.0, 27975.0, 24209.0, 24212.0, 24768.0, 28229.0, 24742.0, 31126.0, 24686.0, 23531.0, 25865.0, 26450.0, 24672.0, 27434.0, 27446.0, 22857.0, 24349.0, 27155.0, 25539.0, 24227.0, 21622.0, 28781.0, 29786.0, 24606.0, 21812.0, 25483.0, 28900.0, 25570.0, 23870.0, 26790.0, 23628.0, 24419.0, 28115.0, 24818.0, 27955.0, 27033.0, 26163.0, 25033.0, 30014.0, 25385.0, 24021.0, 24842.0, 28395.0, 26253.0, 25318.0, 24158.0, 24505.0, 23676.0, 28939.0, 28011.0, 23750.0, 26940.0, 28191.0, 27402.0, 27258.0, 25470.0, 27571.0, 26618.0, 27661.0, 25015.0, 28424.0, 27215.0, 24277.0, 27624.0, 25920.0, 27899.0, 29220.0, 24158.0, 27523.0, 27159.0, 30644.0, 27547.0, 26278.0, 25550.0, 26050.0, 22681.0, 25130.0, 28781.0, 27456.0, 32083.0, 23614.0, 26966.0, 29322.0, 24208.0, 24381.0, 28260.0, 26083.0, 28788.0, 26039.0, 27593.0, 28659.0, 29894.0, 27909.0, 22090.0, 22107.0, 27740.0, 24229.0, 28196.0, 24067.0, 29760.0, 24440.0, 23015.0, 24810.0, 27533.0, 26752.0, 21780.0, 30697.0, 23527.0, 25323.0, 29034.0, 26766.0, 26691.0, 26834.0, 26294.0, 25941.0, 25840.0, 24281.0, 25105.0, 24776.0, 25866.0, 25513.0, 30810.0, 27611.0, 22218.0, 25207.0, 26955.0, 26809.0, 26497.0, 25444.0, 21925.0, 25296.0, 23706.0, 26090.0, 27693.0, 23456.0, 24759.0, 21699.0, 23803.0, 25672.0, 26705.0, 29405.0, 27413.0, 27472.0, 22300.0, 23811.0, 26497.0, 22273.0, 25806.0, 25786.0, 25108.0, 25825.0, 23889.0, 25916.0, 24705.0, 28632.0, 26895.0, 25380.0, 24512.0, 24734.0, 26466.0, 24423.0, 25896.0, 26650.0, 24922.0, 21548.0, 28137.0, 22640.0, 30644.0, 25102.0, 27573.0, 21356.0, 24684.0, 27468.0, 25206.0, 22301.0, 24709.0, 24382.0, 23770.0, 24509.0, 24578.0, 27754.0, 26594.0, 23193.0, 24328.0, 26169.0, 23984.0, 23430.0, 29567.0, 26146.0, 27074.0, 23615.0, 21871.0, 26942.0, 26682.0, 27530.0, 23157.0, 27289.0, 30670.0, 24189.0, 28147.0, 28161.0, 23580.0, 26918.0, 29196.0, 28011.0, 25954.0, 27506.0, 22295.0, 27862.0, 22622.0, 26585.0, 23492.0, 26113.0, 26530.0, 22589.0, 22965.0, 27710.0, 25029.0, 25962.0, 24824.0, 29855.0, 24880.0, 27539.0, 25887.0, 26620.0, 26331.0, 21393.0, 27432.0, 28898.0, 25935.0, 26765.0, 27762.0, 26639.0, 26902.0, 21898.0, 25609.0, 25511.0, 32107.0, 27985.0, 21904.0, 28347.0, 24964.0, 24929.0, 29276.0, 24600.0, 26643.0, 24878.0, 25894.0, 28188.0, 26500.0, 24720.0, 28134.0, 24788.0, 28050.0, 29355.0, 24030.0, 31006.0, 22061.0, 28446.0, 25510.0, 33046.0, 24959.0, 23457.0, 29971.0, 28140.0, 24983.0, 30042.0, 26690.0, 25221.0, 28266.0, 20492.0, 22300.0, 24633.0, 25674.0, 29266.0, 25761.0, 25254.0, 25995.0, 24176.0, 26114.0, 29268.0, 26045.0, 23651.0, 24701.0, 25822.0, 27440.0, 25295.0, 22567.0, 28459.0, 27563.0, 27385.0, 25079.0, 28610.0, 29160.0, 24710.0, 27271.0, 24362.0, 27191.0, 25890.0, 26996.0, 21893.0, 20089.0, 28275.0, 27551.0, 29947.0, 21724.0, 24907.0, 25486.0, 26192.0, 25683.0, 20693.0, 23586.0, 26291.0, 28763.0, 27499.0, 24444.0, 23638.0, 25993.0, 26081.0, 26243.0, 27851.0, 22559.0, 25017.0, 22002.0, 28288.0, 23449.0, 27244.0, 25348.0, 26875.0, 21496.0, 26299.0, 26522.0, 27346.0, 25182.0, 22998.0, 25472.0, 25655.0, 25575.0, 24916.0, 25026.0, 22804.0, 20744.0], u'n_misfit': [0, 0, 0, 0, 0, 0, 0, 0, 0, 0, 0, 0, 0, 0, 0, 0, 0, 0, 0, 0, 0, 0, 0, 0, 0, 0, 0, 0, 0, 0, 0, 0, 0, 0, 0, 0, 0, 0, 0, 0, 0, 0, 0, 0, 0, 0, 0, 0, 0, 0, 0, 0, 0, 0, 0, 0, 0, 0, 0, 0, 0, 0, 0, 0, 0, 0, 0, 0, 0, 0, 0, 0, 0, 0, 0, 0, 0, 0, 0, 0, 0, 0, 0, 0, 0, 0, 0, 0, 0, 0, 0, 0, 0, 0, 0, 0, 0, 0, 0, 0, 0, 0, 0, 0, 0, 0, 0, 0, 0, 0, 0, 0, 0, 0, 0, 0, 0, 0, 0, 0, 0, 0, 0, 0, 0, 0, 0, 0, 0, 0, 0, 0, 0, 0, 0, 0, 0, 0, 0, 0, 0, 0, 0, 0, 0, 0, 0, 0, 0, 0, 0, 0, 0, 0, 0, 0, 0, 0, 0, 0, 0, 0, 0, 0, 0, 0, 0, 0, 0, 0, 0, 0, 0, 0, 0, 0, 0, 0, 0, 0, 0, 0, 0, 0, 0, 0, 0, 0, 0, 0, 0, 0, 0, 0, 0, 0, 0, 0, 0, 0, 0, 0, 0, 0, 0, 0, 0, 0, 0, 0, 0, 0, 0, 0, 0, 0, 0, 0, 0, 0, 0, 0, 0, 0, 0, 0, 0, 0, 0, 0, 0, 0, 0, 0, 0, 0, 0, 0, 0, 0, 0, 0, 0, 0, 0, 0, 0, 0, 0, 0, 0, 0, 0, 0, 0, 0, 0, 0, 0, 0, 0, 0, 0, 0, 0, 0, 0, 0, 0, 0, 0, 0, 0, 0, 0, 0, 0, 0, 0, 0, 0, 0, 0, 0, 0, 0, 0, 0, 0, 0, 0, 0, 0, 0, 0, 0, 0, 0, 0, 0, 0, 0, 0, 0, 0, 0, 0, 0, 0, 0, 0, 0, 0, 0, 0, 0, 0, 0, 0, 0, 0, 0, 0, 0, 0, 0, 0, 0, 0, 0, 0, 0, 0, 0, 0, 0, 0, 0, 0, 0, 0, 0, 0, 0, 0, 0, 0, 0, 0, 0, 0, 0, 0, 0, 0, 0, 0, 0, 0, 0], u'mosaicity': [0.26569999999999999, 0.26519999999999999, 0.27239999999999998, 0.2747, 0.27010000000000001, 0.26250000000000001, 0.27000000000000002, 0.27450000000000002, 0.25690000000000002, 0.27879999999999999, 0.27139999999999997, 0.25829999999999997, 0.25369999999999998, 0.26229999999999998, 0.2782, 0.26960000000000001, 0.2571, 0.2671, 0.26750000000000002, 0.27900000000000003, 0.25440000000000002, 0.2651, 0.25819999999999999, 0.25459999999999999, 0.2661, 0.2702, 0.2641, 0.2681, 0.2601, 0.2611, 0.26419999999999999, 0.25059999999999999, 0.2611, 0.2611, 0.2742, 0.25800000000000001, 0.2495, 0.26390000000000002, 0.26850000000000002, 0.25359999999999999, 0.2487, 0.2596, 0.25230000000000002, 0.26469999999999999, 0.25850000000000001, 0.24879999999999999, 0.26590000000000003, 0.26579999999999998, 0.25700000000000001, 0.246, 0.26150000000000001, 0.2452, 0.25059999999999999, 0.26829999999999998, 0.26240000000000002, 0.2487, 0.26000000000000001, 0.252, 0.27560000000000001, 0.26340000000000002, 0.25919999999999999, 0.26219999999999999, 0.25640000000000002, 0.25679999999999997, 0.26279999999999998, 0.25540000000000002, 0.25330000000000003, 0.25419999999999998, 0.27350000000000002, 0.2661, 0.26960000000000001, 0.26419999999999999, 0.26540000000000002, 0.26579999999999998, 0.25879999999999997, 0.2702, 0.27329999999999999, 0.25879999999999997, 0.2737, 0.24229999999999999, 0.26519999999999999, 0.26250000000000001, 0.26889999999999997, 0.25619999999999998, 0.25240000000000001, 0.27550000000000002, 0.26079999999999998, 0.26650000000000001, 0.25359999999999999, 0.26600000000000001, 0.25790000000000002, 0.26440000000000002, 0.27310000000000001, 0.26519999999999999, 0.26979999999999998, 0.26079999999999998, 0.26769999999999999, 0.26050000000000001, 0.27250000000000002, 0.28420000000000001, 0.25309999999999999, 0.25269999999999998, 0.27810000000000001, 0.27179999999999999, 0.25779999999999997, 0.25690000000000002, 0.27000000000000002, 0.2722, 0.26019999999999999, 0.25569999999999998, 0.27710000000000001, 0.27239999999999998, 0.27329999999999999, 0.26779999999999998, 0.25829999999999997, 0.27539999999999998, 0.25979999999999998, 0.26919999999999999, 0.26279999999999998, 0.28910000000000002, 0.2767, 0.2505, 0.2636, 0.29430000000000001, 0.27629999999999999, 0.27529999999999999, 0.28029999999999999, 0.26029999999999998, 0.27350000000000002, 0.28770000000000001, 0.26900000000000002, 0.27350000000000002, 0.2772, 0.28189999999999998, 0.27450000000000002, 0.27639999999999998, 0.27729999999999999, 0.27189999999999998, 0.27929999999999999, 0.28050000000000003, 0.2712, 0.2928, 0.28510000000000002, 0.26600000000000001, 0.2823, 0.28610000000000002, 0.26519999999999999, 0.29099999999999998, 0.27460000000000001, 0.27329999999999999, 0.28129999999999999, 0.27610000000000001, 0.27729999999999999, 0.2797, 0.2853, 0.27379999999999999, 0.26829999999999998, 0.2697, 0.27639999999999998, 0.26550000000000001, 0.2797, 0.28460000000000002, 0.29730000000000001, 0.27129999999999999, 0.26700000000000002, 0.28270000000000001, 0.27410000000000001, 0.2762, 0.28110000000000002, 0.27889999999999998, 0.2757, 0.28010000000000002, 0.27800000000000002, 0.27950000000000003, 0.29199999999999998, 0.28499999999999998, 0.2883, 0.2762, 0.27789999999999998, 0.27939999999999998, 0.29099999999999998, 0.27310000000000001, 0.2893, 0.28360000000000002, 0.28050000000000003, 0.27989999999999998, 0.27229999999999999, 0.29659999999999997, 0.28910000000000002, 0.29320000000000002, 0.27450000000000002, 0.27950000000000003, 0.27950000000000003, 0.29239999999999999, 0.28050000000000003, 0.2908, 0.27260000000000001, 0.27529999999999999, 0.28520000000000001, 0.2974, 0.29499999999999998, 0.28799999999999998, 0.29120000000000001, 0.27779999999999999, 0.2989, 0.28520000000000001, 0.27339999999999998, 0.2964, 0.29859999999999998, 0.30470000000000003, 0.29099999999999998, 0.29199999999999998, 0.27379999999999999, 0.29680000000000001, 0.30320000000000003, 0.28039999999999998, 0.31019999999999998, 0.29099999999999998, 0.28970000000000001, 0.31380000000000002, 0.30969999999999998, 0.28089999999999998, 0.2999, 0.29999999999999999, 0.29139999999999999, 0.3155, 0.2959, 0.30030000000000001, 0.29730000000000001, 0.29049999999999998, 0.29160000000000003, 0.29289999999999999, 0.30730000000000002, 0.31480000000000002, 0.30049999999999999, 0.27889999999999998, 0.31080000000000002, 0.30590000000000001, 0.29830000000000001, 0.30669999999999997, 0.3095, 0.29310000000000003, 0.3125, 0.29599999999999999, 0.31209999999999999, 0.31869999999999998, 0.29859999999999998, 0.30449999999999999, 0.31809999999999999, 0.28910000000000002, 0.30049999999999999, 0.3095, 0.30719999999999997, 0.32350000000000001, 0.29459999999999997, 0.29870000000000002, 0.30049999999999999, 0.3135, 0.31290000000000001, 0.31740000000000002, 0.31280000000000002, 0.3175, 0.30030000000000001, 0.31330000000000002, 0.30809999999999998, 0.29980000000000001, 0.29349999999999998, 0.31340000000000001, 0.30959999999999999, 0.30430000000000001, 0.32019999999999998, 0.30780000000000002, 0.31269999999999998, 0.30270000000000002, 0.31069999999999998, 0.29609999999999997, 0.29709999999999998, 0.28939999999999999, 0.308, 0.29599999999999999, 0.31900000000000001, 0.3226, 0.30869999999999997, 0.318, 0.31419999999999998, 0.30819999999999997, 0.30940000000000001, 0.308, 0.30969999999999998, 0.30280000000000001, 0.29749999999999999, 0.29699999999999999, 0.31390000000000001, 0.30620000000000003, 0.30380000000000001, 0.2984, 0.29270000000000002, 0.29680000000000001, 0.29759999999999998, 0.30809999999999998, 0.29580000000000001, 0.31290000000000001, 0.28739999999999999, 0.28149999999999997, 0.31409999999999999, 0.30940000000000001, 0.30680000000000002, 0.29799999999999999, 0.30580000000000002, 0.32450000000000001, 0.30599999999999999, 0.29499999999999998, 0.29670000000000002, 0.30690000000000001, 0.2984, 0.29170000000000001, 0.30070000000000002, 0.29389999999999999, 0.30690000000000001, 0.2918, 0.28010000000000002, 0.2863, 0.2913, 0.30109999999999998, 0.29060000000000002, 0.28839999999999999, 0.30299999999999999, 0.28639999999999999, 0.28999999999999998, 0.30570000000000003, 0.28710000000000002, 0.29380000000000001, 0.29210000000000003, 0.3049, 0.28649999999999998, 0.29409999999999997, 0.2878, 0.28360000000000002, 0.28860000000000002, 0.29659999999999997, 0.2918, 0.28499999999999998, 0.27779999999999999, 0.26279999999999998, 0.28339999999999999, 0.28639999999999999, 0.28670000000000001, 0.28460000000000002, 0.28299999999999997, 0.28339999999999999, 0.28749999999999998, 0.26910000000000001, 0.29330000000000001, 0.28010000000000002, 0.2883, 0.27529999999999999, 0.2838, 0.27760000000000001, 0.2747, 0.27450000000000002]}, u'shell_statistics': {u'sig_ano': [2.2519999999999998, 1.337, 1.1060000000000001, 1.1910000000000001, 1.1699999999999999, 1.0509999999999999, 0.98699999999999999, 0.92100000000000004, 0.83899999999999997, 0.82799999999999996, 0.80900000000000005, 0.80700000000000005, 0.80200000000000005, 0.81200000000000006, 0.79300000000000004, 0.77300000000000002, 0.745, 0.71499999999999997, 0.68899999999999995, 0.69399999999999995], u'r_mrgdf': [1.1000000000000001, 0.90000000000000002, 1.1000000000000001, 1.5, 1.8, 2.1000000000000001, 2.8999999999999999, 4.2000000000000002, 7.0999999999999996, 10.800000000000001, 14.0, 21.399999999999999, 29.399999999999999, 40.700000000000003, 59.399999999999999, 84.299999999999997, 106.2, 121.59999999999999, 138.80000000000001, 148.40000000000001], u'shell': [5.3399999999999999, 3.7799999999999998, 3.0899999999999999, 2.6699999999999999, 2.3900000000000001, 2.1800000000000002, 2.02, 1.8899999999999999, 1.78, 1.6899999999999999, 1.6100000000000001, 1.54, 1.48, 1.4299999999999999, 1.3799999999999999, 1.3400000000000001, 1.3, 1.26, 1.23, 1.2], u'completeness': [98.5, 100.0, 99.900000000000006, 100.0, 99.900000000000006, 100.0, 99.900000000000006, 99.599999999999994, 98.900000000000006, 98.200000000000003, 97.099999999999994, 95.700000000000003, 92.5, 90.799999999999997, 86.200000000000003, 80.299999999999997, 74.900000000000006, 63.5, 52.5, 32.399999999999999], u'cor_ano': [83, 63, 34, 27, 27, 19, 11, 11, 4, 4, 2, 1, 0, 1, -2, -3, -6, -4, -8, -2], u'r_meas': [2.2999999999999998, 2.2000000000000002, 2.5, 3.2000000000000002, 3.7000000000000002, 4.2999999999999998, 5.4000000000000004, 7.4000000000000004, 11.1, 16.699999999999999, 22.100000000000001, 33.600000000000001, 47.700000000000003, 65.700000000000003, 90.900000000000006, 116.59999999999999, 120.5, 127.09999999999999, 133.09999999999999, 123.59999999999999], u'i_sigma': [70.469999999999999, 72.510000000000005, 69.980000000000004, 58.609999999999999, 50.950000000000003, 44.57, 36.240000000000002, 26.5, 18.079999999999998, 12.640000000000001, 9.7300000000000004, 6.5999999999999996, 4.8099999999999996, 3.5099999999999998, 2.5099999999999998, 1.8500000000000001, 1.47, 1.21, 1.03, 0.94999999999999996]}, u'compatible_lattices': {u'volume': [231501.24740298916, 231501.24740298916, 231501.24740298916, 231501.24740298916, 231501.24740298916, 231501.24740298916, 463298.15870808746, 463298.15870808746, 463298.15870808746, 231501.24740298916], u'unit_cell': [u' 37.0  79.0  79.2  90.0  90.1  90.0', u' 37.0  79.0  79.2  90.0  89.9  90.0', u' 79.0  37.0  79.2  90.1  90.0  90.0', u' 37.0  79.0  79.2  90.0  90.1  90.0', u' 37.0  79.2  79.0  90.0  90.0  90.1', u' 37.0  79.0  79.2  90.0  90.1  90.0', u'111.9 111.9  37.0  90.0  90.1  89.9', u'111.9 111.9  37.0  90.0  90.1  89.9', u'111.9 111.9  37.0  89.9  90.0  90.1', u' 79.0  79.2  37.0  90.1  90.0  90.0'], u'type': [u'aP', u'aP', u'mP', u'mP', u'mP', u'oP', u'mC', u'oC', u'mC', u'tP'], u'id': [44, 31, 35, 33, 34, 32, 25, 23, 20, 21], u'quality': [0.0, 0.20000000000000001, 1.3999999999999999, 2.0, 3.0, 3.2000000000000002, 12.300000000000001, 12.699999999999999, 12.9, 14.4]}, u'diff_statistics': {u'n_friedel': [3159, 6406, 6639, 8630, 9570, 8685, 8430, 8297, 8071, 8065, 7637, 7803, 7484, 7354, 7294, 7253, 7157, 7023, 7042, 6843, 6826, 6782, 6742, 6693, 6533, 6573, 6622, 6411, 6418, 6326, 6426, 6257, 6222, 6223, 6256, 6275, 6486, 6217, 6060, 6100, 6074, 6123, 6322, 6065, 6141, 6069, 6111, 6197, 6098, 6103, 6015, 5962, 6245, 6173, 6211, 6196, 6211, 6107, 6126, 6208, 6260, 6453, 6273, 6200, 6291, 6149, 6573, 6468, 6609, 6402, 6557, 6601, 6671, 6876, 6775, 6844, 7010, 6971, 7012, 7081, 7235, 7091, 7360, 7375, 7440, 7477, 7545, 7544, 7448, 7663, 7750, 7573, 7651, 7475, 7500, 7463, 7163, 6902, 6787, 6639, 6574, 6191, 6105, 6128, 6180, 5888, 5863, 5726, 5500, 5664, 5502, 5579, 5382, 5274, 5227, 5269, 5061, 5106, 5061, 4872, 5005, 4926, 4795, 4662, 4696, 4608, 4816, 4664, 4611, 4468, 4373, 4426, 4330, 4469, 4316, 4212, 4298, 4192, 4140, 4080, 4210, 4043, 4104, 3994, 4022, 4058, 4034, 3914, 3971, 3871, 3886, 3965, 3936, 3926, 3944, 3921, 3880, 3920, 3928, 3907, 3895, 3880, 3862, 3974, 4029, 3934, 4043, 4108, 4025, 4060, 4198, 4272, 4214, 4315, 4438, 4628, 4555, 4679, 4716, 4815, 5149, 5196, 5474, 5889, 6233, 6256, 6805, 7562, 9076, 10153, 8515, 7495, 6820, 6094, 5573, 5317, 4994, 4835, 4632, 4554, 4577, 4230, 3963, 3831, 3697, 3493, 3570, 3568, 3628, 3417, 3155, 3117, 3119, 3032, 2976, 2989, 3089, 2989, 2849, 2692, 2787, 2652, 2728, 2639, 2820, 2826, 2531, 2508, 2573, 2581, 2535, 2507, 2556, 2593, 2503, 2515, 2438, 2413, 2354, 2449, 2493, 2528, 2523, 2364, 2372, 2379, 2327, 2405, 2367, 2451, 2435, 2373, 2356, 2259, 2371, 2336, 2091, 2127, 2169, 2048, 2004, 1897, 1873, 1777, 1761, 1735, 1740, 1702, 1633, 1550, 1449, 1461, 1423, 1418, 1380, 1444, 1361, 1374, 1276, 1240, 1189, 1217, 1161, 1175, 1146, 1149, 1187, 1180, 1094, 1072, 1066, 1062, 1093, 1101, 1080, 1037, 1021, 1077, 1006, 975, 923, 882, 877, 869, 838, 835, 818, 822, 799, 745, 730, 727, 641, 644, 623, 628, 593, 581, 588, 551, 570, 503, 518, 494, 451, 455, 411, 396, 386, 385, 378, 366, 341, 302, 298, 286, 308, 282, 237, 260, 216, 214, 175, 196, 158, 159, 145, 132, 117, 143, 96, 70, 88, 47, 35, 41, 34, 15, 14, 0], u'n_refl': [5532, 11151, 11392, 13448, 14261, 13404, 13191, 13060, 12839, 12748, 12442, 12516, 12179, 12057, 12024, 12028, 11947, 11871, 11708, 11667, 11466, 11543, 11422, 11415, 11254, 11309, 11393, 11216, 11204, 11041, 11169, 11070, 10946, 11031, 11029, 11075, 11387, 11064, 10887, 10907, 10964, 11079, 11150, 11010, 11078, 11027, 10977, 11162, 11152, 11121, 11040, 11034, 11312, 11329, 11198, 11360, 11331, 11335, 11357, 11416, 11475, 11683, 11553, 11489, 11596, 11518, 11899, 11924, 11941, 11835, 11945, 12129, 11994, 12358, 12277, 12285, 12518, 12271, 12618, 12678, 12700, 12688, 12900, 12928, 13090, 13110, 13238, 13273, 13408, 13642, 13757, 13737, 13610, 13697, 13578, 13619, 13301, 12970, 13075, 12875, 12678, 12345, 12301, 12328, 12235, 11963, 11872, 11652, 11234, 11473, 11217, 11251, 10837, 10782, 10646, 10649, 10482, 10473, 10334, 10124, 10151, 10172, 9981, 9800, 9857, 9685, 9911, 9732, 9528, 9544, 9374, 9444, 9160, 9487, 9247, 9122, 9249, 8969, 9056, 8900, 9026, 8923, 8879, 8844, 8909, 8775, 8756, 8701, 8676, 8564, 8577, 8654, 8571, 8810, 8423, 8509, 8525, 8478, 8612, 8530, 8425, 8416, 8376, 8501, 8487, 8436, 8455, 8603, 8410, 8428, 8581, 8558, 8502, 8547, 8551, 8674, 8680, 8776, 8551, 8713, 8907, 8941, 9122, 9542, 9758, 9727, 10157, 10835, 12447, 13865, 11731, 10808, 10492, 9418, 8920, 8735, 8393, 8158, 7982, 7810, 7816, 7438, 7136, 7040, 6842, 6598, 6625, 6720, 6726, 6412, 6135, 6156, 6100, 5986, 5931, 5811, 5993, 5873, 5767, 5444, 5638, 5540, 5538, 5338, 5639, 5641, 5304, 5258, 5247, 5406, 5183, 5185, 5273, 5315, 5172, 5254, 5036, 5061, 5005, 5048, 5161, 5142, 5063, 4985, 4983, 4953, 4946, 5007, 4945, 4962, 5056, 4988, 4883, 4795, 4908, 4923, 4708, 4694, 4670, 4702, 4647, 4627, 4402, 4484, 4513, 4542, 4570, 4522, 4365, 4283, 4187, 4141, 4116, 4014, 4037, 4021, 3931, 3911, 3844, 3700, 3657, 3639, 3564, 3571, 3524, 3461, 3472, 3385, 3302, 3236, 3099, 3036, 2996, 2941, 2872, 2801, 2757, 2781, 2632, 2628, 2521, 2481, 2432, 2336, 2295, 2277, 2253, 2238, 2186, 2076, 2088, 1982, 1898, 1882, 1848, 1817, 1866, 1748, 1692, 1689, 1696, 1561, 1552, 1534, 1484, 1516, 1420, 1404, 1345, 1320, 1309, 1281, 1238, 1160, 1164, 1195, 1143, 1108, 1071, 1056, 975, 989, 958, 944, 912, 859, 849, 799, 796, 776, 786, 724, 721, 694, 609, 619, 580, 606, 207, 1], u'rd': [0.075800000000000006, 0.076899999999999996, 0.078100000000000003, 0.091999999999999998, 0.082400000000000001, 0.079200000000000007, 0.074099999999999999, 0.073300000000000004, 0.071199999999999999, 0.071999999999999995, 0.071099999999999997, 0.073400000000000007, 0.071900000000000006, 0.070400000000000004, 0.072400000000000006, 0.070499999999999993, 0.071900000000000006, 0.070300000000000001, 0.070800000000000002, 0.069199999999999998, 0.067900000000000002, 0.069500000000000006, 0.070800000000000002, 0.067699999999999996, 0.067100000000000007, 0.069800000000000001, 0.066600000000000006, 0.065100000000000005, 0.066400000000000001, 0.067299999999999999, 0.062199999999999998, 0.064000000000000001, 0.061400000000000003, 0.061400000000000003, 0.062799999999999995, 0.060199999999999997, 0.063, 0.061400000000000003, 0.062799999999999995, 0.061600000000000002, 0.063700000000000007, 0.063299999999999995, 0.065600000000000006, 0.063700000000000007, 0.065199999999999994, 0.066400000000000001, 0.066299999999999998, 0.067500000000000004, 0.067699999999999996, 0.067599999999999993, 0.068000000000000005, 0.0688, 0.069000000000000006, 0.070800000000000002, 0.072499999999999995, 0.069599999999999995, 0.068900000000000003, 0.073599999999999999, 0.073400000000000007, 0.072599999999999998, 0.074800000000000005, 0.076200000000000004, 0.077100000000000002, 0.077600000000000002, 0.078200000000000006, 0.078799999999999995, 0.080299999999999996, 0.080799999999999997, 0.080100000000000005, 0.084199999999999997, 0.083400000000000002, 0.085599999999999996, 0.084199999999999997, 0.086300000000000002, 0.084099999999999994, 0.092999999999999999, 0.089099999999999999, 0.089499999999999996, 0.094200000000000006, 0.0901, 0.093700000000000006, 0.091899999999999996, 0.096199999999999994, 0.096000000000000002, 0.1012, 0.097699999999999995, 0.098500000000000004, 0.1028, 0.106, 0.1051, 0.1079, 0.1116, 0.1105, 0.1144, 0.1096, 0.11749999999999999, 0.1043, 0.10680000000000001, 0.1028, 0.098799999999999999, 0.10349999999999999, 0.1011, 0.098199999999999996, 0.098699999999999996, 0.096600000000000005, 0.097799999999999998, 0.092600000000000002, 0.092600000000000002, 0.0911, 0.090499999999999997, 0.089800000000000005, 0.088400000000000006, 0.086400000000000005, 0.081900000000000001, 0.087400000000000005, 0.086900000000000005, 0.086499999999999994, 0.086499999999999994, 0.079899999999999999, 0.081100000000000005, 0.081799999999999998, 0.080199999999999994, 0.0843, 0.082299999999999998, 0.081199999999999994, 0.079399999999999998, 0.077100000000000002, 0.077100000000000002, 0.076200000000000004, 0.077899999999999997, 0.079399999999999998, 0.078899999999999998, 0.0809, 0.075300000000000006, 0.074200000000000002, 0.077600000000000002, 0.071199999999999999, 0.074999999999999997, 0.075700000000000003, 0.073200000000000001, 0.077600000000000002, 0.0751, 0.076200000000000004, 0.074099999999999999, 0.072499999999999995, 0.074099999999999999, 0.069400000000000003, 0.071300000000000002, 0.073099999999999998, 0.073300000000000004, 0.074399999999999994, 0.072499999999999995, 0.0751, 0.072999999999999995, 0.071400000000000005, 0.0722, 0.072300000000000003, 0.072499999999999995, 0.073499999999999996, 0.073599999999999999, 0.075300000000000006, 0.072099999999999997, 0.070699999999999999, 0.073200000000000001, 0.076399999999999996, 0.075300000000000006, 0.075499999999999998, 0.077499999999999999, 0.072700000000000001, 0.077899999999999997, 0.076399999999999996, 0.077499999999999999, 0.076300000000000007, 0.076799999999999993, 0.076999999999999999, 0.078100000000000003, 0.077899999999999997, 0.075999999999999998, 0.0809, 0.080199999999999994, 0.075800000000000006, 0.078299999999999995, 0.082799999999999999, 0.084199999999999997, 0.084500000000000006, 0.0785, 0.083099999999999993, 0.081199999999999994, 0.081199999999999994, 0.083299999999999999, 0.080000000000000002, 0.083500000000000005, 0.082600000000000007, 0.0751, 0.077399999999999997, 0.077499999999999999, 0.076999999999999999, 0.074899999999999994, 0.078899999999999998, 0.078899999999999998, 0.080299999999999996, 0.079000000000000001, 0.076100000000000001, 0.076300000000000007, 0.079200000000000007, 0.076499999999999999, 0.076899999999999996, 0.076799999999999993, 0.079399999999999998, 0.080600000000000005, 0.080000000000000002, 0.076700000000000004, 0.078, 0.078399999999999997, 0.073800000000000004, 0.076999999999999999, 0.081900000000000001, 0.081699999999999995, 0.080500000000000002, 0.076100000000000001, 0.074800000000000005, 0.079600000000000004, 0.074700000000000003, 0.075999999999999998, 0.081100000000000005, 0.077100000000000002, 0.080199999999999994, 0.072800000000000004, 0.081500000000000003, 0.078100000000000003, 0.077600000000000002, 0.079399999999999998, 0.080399999999999999, 0.082299999999999998, 0.081900000000000001, 0.082199999999999995, 0.086300000000000002, 0.083599999999999994, 0.079799999999999996, 0.082199999999999995, 0.082299999999999998, 0.0848, 0.083299999999999999, 0.085800000000000001, 0.089700000000000002, 0.087099999999999997, 0.088400000000000006, 0.088599999999999998, 0.095200000000000007, 0.0911, 0.091499999999999998, 0.095299999999999996, 0.093799999999999994, 0.095200000000000007, 0.096600000000000005, 0.099500000000000005, 0.095500000000000002, 0.097000000000000003, 0.1013, 0.095500000000000002, 0.096100000000000005, 0.096699999999999994, 0.1016, 0.097500000000000003, 0.1009, 0.098000000000000004, 0.10440000000000001, 0.1045, 0.099699999999999997, 0.105, 0.094, 0.1067, 0.099599999999999994, 0.1048, 0.096699999999999994, 0.094399999999999998, 0.095100000000000004, 0.096199999999999994, 0.10000000000000001, 0.094399999999999998, 0.10730000000000001, 0.095399999999999999, 0.097299999999999998, 0.10150000000000001, 0.095299999999999996, 0.087499999999999994, 0.1019, 0.091399999999999995, 0.093399999999999997, 0.092899999999999996, 0.086300000000000002, 0.095399999999999999, 0.092299999999999993, 0.089399999999999993, 0.092700000000000005, 0.091999999999999998, 0.085500000000000007, 0.076200000000000004, 0.082400000000000001, 0.082100000000000006, 0.079699999999999993, 0.081000000000000003, 0.086599999999999996, 0.077299999999999994, 0.080500000000000002, 0.080199999999999994, 0.076999999999999999, 0.073700000000000002, 0.076899999999999996, 0.074499999999999997, 0.078, 0.077799999999999994, 0.076799999999999993, 0.072999999999999995, 0.077600000000000002, 0.074499999999999997, 0.075800000000000006, 0.075200000000000003, 0.071300000000000002, 0.071900000000000006, 0.075600000000000001, 0.071599999999999997, 0.076799999999999993, 0.076899999999999996, 0.077499999999999999, 0.081500000000000003, 0.075200000000000003, 0.077799999999999994, 0.077200000000000005, 0.077499999999999999, 0.079100000000000004, 0.076899999999999996, 0.078200000000000006, 0.089099999999999999, 0.095100000000000004, 0.091700000000000004, 0.075700000000000003, 0.089099999999999999, 0.081500000000000003, 0.082600000000000007, 0.081100000000000005, 0.095699999999999993, 0.094700000000000006, 0.10009999999999999, 0.0877, 0.086900000000000005, 0.095600000000000004, 0.079200000000000007, 0.094799999999999995, 0.085099999999999995, 0.079500000000000001, 0.083199999999999996, 0.085699999999999998, 0.094600000000000004, 0.091300000000000006, 0.091800000000000007, 0.1183, 0.1326, 0.16300000000000001, 1.7726], u'rd_non_friedel': [0.066799999999999998, 0.068599999999999994, 0.0659, 0.070300000000000001, 0.063399999999999998, 0.064899999999999999, 0.066699999999999995, 0.064299999999999996, 0.063100000000000003, 0.066100000000000006, 0.067299999999999999, 0.066600000000000006, 0.065100000000000005, 0.064100000000000004, 0.063899999999999998, 0.069699999999999998, 0.065600000000000006, 0.063899999999999998, 0.0654, 0.063299999999999995, 0.064899999999999999, 0.065100000000000005, 0.066100000000000006, 0.066100000000000006, 0.063, 0.071400000000000005, 0.0659, 0.064299999999999996, 0.066600000000000006, 0.070300000000000001, 0.063700000000000007, 0.069000000000000006, 0.064899999999999999, 0.068199999999999997, 0.065500000000000003, 0.066400000000000001, 0.067299999999999999, 0.068099999999999994, 0.0688, 0.067299999999999999, 0.067599999999999993, 0.068199999999999997, 0.071400000000000005, 0.067799999999999999, 0.069599999999999995, 0.074499999999999997, 0.067599999999999993, 0.070000000000000007, 0.067500000000000004, 0.070999999999999994, 0.069000000000000006, 0.071199999999999999, 0.072900000000000006, 0.075300000000000006, 0.075499999999999998, 0.072700000000000001, 0.071999999999999995, 0.075700000000000003, 0.078899999999999998, 0.074800000000000005, 0.077899999999999997, 0.076100000000000001, 0.077799999999999994, 0.082799999999999999, 0.077299999999999994, 0.078899999999999998, 0.084099999999999994, 0.082600000000000007, 0.085500000000000007, 0.082400000000000001, 0.082699999999999996, 0.086400000000000005, 0.079000000000000001, 0.086300000000000002, 0.077600000000000002, 0.095600000000000004, 0.086099999999999996, 0.084099999999999994, 0.088900000000000007, 0.078799999999999995, 0.085599999999999996, 0.085400000000000004, 0.087599999999999997, 0.090899999999999995, 0.090899999999999995, 0.090200000000000002, 0.089300000000000004, 0.094899999999999998, 0.095600000000000004, 0.096299999999999997, 0.097900000000000001, 0.10150000000000001, 0.1037, 0.1019, 0.099599999999999994, 0.1057, 0.096100000000000005, 0.1018, 0.0969, 0.097299999999999998, 0.1045, 0.095600000000000004, 0.10100000000000001, 0.099199999999999997, 0.098699999999999996, 0.095899999999999999, 0.090300000000000005, 0.090800000000000006, 0.088499999999999995, 0.095200000000000007, 0.090300000000000005, 0.088599999999999998, 0.0877, 0.081600000000000006, 0.084099999999999994, 0.085599999999999996, 0.079100000000000004, 0.083000000000000004, 0.078, 0.082600000000000007, 0.079899999999999999, 0.078200000000000006, 0.079600000000000004, 0.079299999999999995, 0.076499999999999999, 0.076700000000000004, 0.077600000000000002, 0.074200000000000002, 0.076799999999999993, 0.077399999999999997, 0.074499999999999997, 0.075999999999999998, 0.078100000000000003, 0.073200000000000001, 0.072999999999999995, 0.078200000000000006, 0.068900000000000003, 0.072900000000000006, 0.070699999999999999, 0.0717, 0.072900000000000006, 0.071999999999999995, 0.071599999999999997, 0.070999999999999994, 0.069699999999999998, 0.070300000000000001, 0.065500000000000003, 0.068500000000000005, 0.069400000000000003, 0.0683, 0.070900000000000005, 0.066900000000000001, 0.072900000000000006, 0.0683, 0.067799999999999999, 0.069199999999999998, 0.0688, 0.068500000000000005, 0.069199999999999998, 0.069800000000000001, 0.075700000000000003, 0.068099999999999994, 0.068900000000000003, 0.070000000000000007, 0.072300000000000003, 0.072900000000000006, 0.076700000000000004, 0.077399999999999997, 0.072400000000000006, 0.079100000000000004, 0.074800000000000005, 0.078100000000000003, 0.075800000000000006, 0.074200000000000002, 0.078899999999999998, 0.074499999999999997, 0.081699999999999995, 0.078600000000000003, 0.085300000000000001, 0.085699999999999998, 0.083599999999999994, 0.084099999999999994, 0.085800000000000001, 0.082199999999999995, 0.088400000000000006, 0.088499999999999995, 0.091499999999999998, 0.077899999999999997, 0.072700000000000001, 0.083400000000000002, 0.088800000000000004, 0.090300000000000005, 0.090700000000000003, 0.080399999999999999, 0.080100000000000005, 0.085000000000000006, 0.079799999999999996, 0.078, 0.088599999999999998, 0.079200000000000007, 0.0843, 0.077200000000000005, 0.079299999999999995, 0.076100000000000001, 0.078799999999999995, 0.076700000000000004, 0.078700000000000006, 0.076100000000000001, 0.076600000000000001, 0.079200000000000007, 0.083000000000000004, 0.075600000000000001, 0.076399999999999996, 0.076200000000000004, 0.071999999999999995, 0.075899999999999995, 0.078600000000000003, 0.077299999999999994, 0.076899999999999996, 0.073200000000000001, 0.072800000000000004, 0.076600000000000001, 0.069000000000000006, 0.0717, 0.074499999999999997, 0.070599999999999996, 0.071300000000000002, 0.065199999999999994, 0.074899999999999994, 0.072700000000000001, 0.071300000000000002, 0.074200000000000002, 0.073099999999999998, 0.073300000000000004, 0.075600000000000001, 0.079000000000000001, 0.082400000000000001, 0.080100000000000005, 0.074200000000000002, 0.080100000000000005, 0.077200000000000005, 0.081900000000000001, 0.073999999999999996, 0.081500000000000003, 0.082100000000000006, 0.078299999999999995, 0.081699999999999995, 0.078399999999999997, 0.081500000000000003, 0.084699999999999998, 0.088499999999999995, 0.088200000000000001, 0.085999999999999993, 0.086199999999999999, 0.092299999999999993, 0.089300000000000004, 0.084599999999999995, 0.087099999999999997, 0.099500000000000005, 0.092899999999999996, 0.094200000000000006, 0.095100000000000004, 0.097500000000000003, 0.1037, 0.109, 0.1055, 0.1113, 0.1176, 0.1091, 0.1116, 0.099900000000000003, 0.1187, 0.1027, 0.1147, 0.1022, 0.1028, 0.106, 0.1056, 0.106, 0.1079, 0.1119, 0.1033, 0.10539999999999999, 0.1143, 0.11119999999999999, 0.092999999999999999, 0.11310000000000001, 0.1128, 0.096100000000000005, 0.095299999999999996, 0.084599999999999995, 0.095299999999999996, 0.096299999999999997, 0.0877, 0.096500000000000002, 0.087099999999999997, 0.084599999999999995, 0.079299999999999995, 0.083500000000000005, 0.077399999999999997, 0.074300000000000005, 0.076999999999999999, 0.079699999999999993, 0.072999999999999995, 0.073800000000000004, 0.081000000000000003, 0.077399999999999997, 0.069000000000000006, 0.072800000000000004, 0.070800000000000002, 0.079500000000000001, 0.076200000000000004, 0.068500000000000005, 0.068599999999999994, 0.072300000000000003, 0.070800000000000002, 0.073599999999999999, 0.072400000000000006, 0.069199999999999998, 0.072700000000000001, 0.072900000000000006, 0.065500000000000003, 0.073899999999999993, 0.075399999999999995, 0.076700000000000004, 0.074700000000000003, 0.072499999999999995, 0.072499999999999995, 0.076200000000000004, 0.079200000000000007, 0.0809, 0.075200000000000003, 0.078200000000000006, 0.0906, 0.095000000000000001, 0.087099999999999997, 0.071499999999999994, 0.082799999999999999, 0.083099999999999993, 0.081100000000000005, 0.082900000000000001, 0.097900000000000001, 0.094600000000000004, 0.1052, 0.089300000000000004, 0.085699999999999998, 0.090300000000000005, 0.078600000000000003, 0.093899999999999997, 0.0877, 0.078299999999999995, 0.083099999999999993, 0.0872, 0.097799999999999998, 0.088300000000000003, 0.093799999999999994, 0.11749999999999999, 0.13589999999999999, 0.16589999999999999, 1.7726], u'rd_friedel': [0.084000000000000005, 0.084900000000000003, 0.090399999999999994, 0.1123, 0.098799999999999999, 0.091899999999999996, 0.079399999999999998, 0.080000000000000002, 0.076999999999999999, 0.075700000000000003, 0.073700000000000002, 0.078299999999999995, 0.076700000000000004, 0.075300000000000006, 0.079299999999999995, 0.071099999999999997, 0.076700000000000004, 0.075600000000000001, 0.074899999999999994, 0.073899999999999993, 0.070000000000000007, 0.072900000000000006, 0.074300000000000005, 0.068900000000000003, 0.070300000000000001, 0.0688, 0.067000000000000004, 0.065600000000000006, 0.066299999999999998, 0.0654, 0.0613, 0.060999999999999999, 0.059400000000000001, 0.057500000000000002, 0.061100000000000002, 0.056800000000000003, 0.060400000000000002, 0.057500000000000002, 0.059700000000000003, 0.058099999999999999, 0.061400000000000003, 0.060299999999999999, 0.062300000000000001, 0.061100000000000002, 0.062399999999999997, 0.061600000000000002, 0.0654, 0.0659, 0.067799999999999999, 0.065199999999999994, 0.067199999999999996, 0.067100000000000007, 0.066299999999999998, 0.067500000000000004, 0.070300000000000001, 0.067299999999999999, 0.066699999999999995, 0.071999999999999995, 0.069400000000000003, 0.071099999999999997, 0.072400000000000006, 0.076200000000000004, 0.076600000000000001, 0.073800000000000004, 0.079000000000000001, 0.078600000000000003, 0.077499999999999999, 0.079399999999999998, 0.076200000000000004, 0.085699999999999998, 0.084000000000000005, 0.085099999999999995, 0.088999999999999996, 0.086300000000000002, 0.090200000000000002, 0.090899999999999995, 0.091499999999999998, 0.094299999999999995, 0.099099999999999994, 0.1022, 0.1014, 0.098000000000000004, 0.104, 0.1002, 0.111, 0.1042, 0.1072, 0.1099, 0.1164, 0.1132, 0.1172, 0.1216, 0.1164, 0.12759999999999999, 0.1192, 0.12909999999999999, 0.1125, 0.1115, 0.109, 0.10009999999999999, 0.1026, 0.10730000000000001, 0.095699999999999993, 0.098100000000000007, 0.094700000000000006, 0.099699999999999997, 0.094899999999999998, 0.094600000000000004, 0.093700000000000006, 0.086199999999999999, 0.089200000000000002, 0.088200000000000001, 0.085300000000000001, 0.082100000000000006, 0.090999999999999998, 0.088099999999999998, 0.095500000000000002, 0.090200000000000002, 0.081799999999999998, 0.079799999999999996, 0.083599999999999994, 0.082400000000000001, 0.090300000000000005, 0.085599999999999996, 0.086699999999999999, 0.082299999999999998, 0.076700000000000004, 0.080199999999999994, 0.075700000000000003, 0.078399999999999997, 0.085500000000000007, 0.082199999999999995, 0.084099999999999994, 0.077700000000000005, 0.075600000000000001, 0.077100000000000002, 0.073800000000000004, 0.077299999999999994, 0.082699999999999996, 0.074999999999999997, 0.083799999999999999, 0.079200000000000007, 0.082500000000000004, 0.078200000000000006, 0.076100000000000001, 0.079399999999999998, 0.074499999999999997, 0.074800000000000005, 0.078, 0.080500000000000002, 0.079200000000000007, 0.080500000000000002, 0.078, 0.080500000000000002, 0.076200000000000004, 0.076399999999999996, 0.076999999999999999, 0.077399999999999997, 0.079600000000000004, 0.078799999999999995, 0.074800000000000005, 0.078, 0.072900000000000006, 0.077700000000000005, 0.081699999999999995, 0.078200000000000006, 0.074099999999999999, 0.077600000000000002, 0.072999999999999995, 0.076600000000000001, 0.078200000000000006, 0.076999999999999999, 0.076799999999999993, 0.079299999999999995, 0.075200000000000003, 0.081500000000000003, 0.074800000000000005, 0.073800000000000004, 0.078, 0.076200000000000004, 0.071300000000000002, 0.074800000000000005, 0.081100000000000005, 0.085400000000000004, 0.082600000000000007, 0.074399999999999994, 0.079899999999999999, 0.082699999999999996, 0.085000000000000006, 0.083299999999999999, 0.077600000000000002, 0.081199999999999994, 0.079299999999999995, 0.072700000000000001, 0.075899999999999995, 0.073599999999999999, 0.075300000000000006, 0.073200000000000001, 0.073700000000000002, 0.078700000000000006, 0.077700000000000005, 0.080299999999999996, 0.073800000000000004, 0.076399999999999996, 0.079600000000000004, 0.076300000000000007, 0.075399999999999995, 0.077499999999999999, 0.081799999999999998, 0.081699999999999995, 0.077399999999999997, 0.077700000000000005, 0.079600000000000004, 0.080600000000000005, 0.075600000000000001, 0.078100000000000003, 0.085400000000000004, 0.086800000000000002, 0.084599999999999995, 0.079500000000000001, 0.077200000000000005, 0.083500000000000005, 0.082199999999999995, 0.081699999999999995, 0.089499999999999996, 0.085699999999999998, 0.094799999999999995, 0.085099999999999995, 0.090300000000000005, 0.085099999999999995, 0.085800000000000001, 0.086400000000000005, 0.090399999999999994, 0.0969, 0.090399999999999994, 0.086499999999999994, 0.090800000000000006, 0.087800000000000003, 0.087999999999999995, 0.084599999999999995, 0.088700000000000001, 0.088400000000000006, 0.095799999999999996, 0.090999999999999998, 0.1004, 0.0998, 0.097000000000000003, 0.1041, 0.1158, 0.097799999999999998, 0.095000000000000001, 0.1032, 0.1033, 0.1072, 0.1012, 0.1134, 0.11260000000000001, 0.1104, 0.1033, 0.098799999999999999, 0.098400000000000001, 0.098699999999999996, 0.107, 0.090499999999999997, 0.091200000000000003, 0.089200000000000002, 0.096100000000000005, 0.090700000000000003, 0.088499999999999995, 0.0964, 0.086400000000000005, 0.092200000000000004, 0.095399999999999999, 0.092799999999999994, 0.088800000000000004, 0.085099999999999995, 0.083500000000000005, 0.084599999999999995, 0.091200000000000003, 0.0809, 0.10050000000000001, 0.084900000000000003, 0.085900000000000004, 0.086900000000000005, 0.075899999999999995, 0.080100000000000005, 0.088599999999999998, 0.072300000000000003, 0.088999999999999996, 0.088999999999999996, 0.089099999999999999, 0.095399999999999999, 0.087300000000000003, 0.091899999999999996, 0.088099999999999998, 0.099599999999999994, 0.086699999999999999, 0.072700000000000001, 0.081000000000000003, 0.0906, 0.0901, 0.088700000000000001, 0.099699999999999997, 0.084500000000000006, 0.092499999999999999, 0.079299999999999995, 0.076399999999999996, 0.081900000000000001, 0.083799999999999999, 0.081100000000000005, 0.075899999999999995, 0.080100000000000005, 0.094700000000000006, 0.082699999999999996, 0.090700000000000003, 0.081799999999999998, 0.080699999999999994, 0.081799999999999998, 0.074800000000000005, 0.070300000000000001, 0.081500000000000003, 0.088700000000000001, 0.083500000000000005, 0.080299999999999996, 0.078899999999999998, 0.097900000000000001, 0.083400000000000002, 0.096199999999999994, 0.080100000000000005, 0.074300000000000005, 0.074399999999999994, 0.080600000000000005, 0.078100000000000003, 0.085900000000000004, 0.095200000000000007, 0.107, 0.088300000000000003, 0.1109, 0.076300000000000007, 0.0872, 0.074700000000000003, 0.088499999999999995, 0.095200000000000007, 0.087400000000000005, 0.082100000000000006, 0.092100000000000001, 0.1226, 0.082299999999999998, 0.10000000000000001, 0.076899999999999996, 0.092700000000000005, 0.084199999999999997, 0.077499999999999999, 0.071900000000000006, 0.16589999999999999, 0.077499999999999999, 0.14030000000000001, 0.097900000000000001, 0.13930000000000001, 0.0], u'n_non_friedel': [2373, 4745, 4753, 4818, 4691, 4719, 4761, 4763, 4768, 4683, 4805, 4713, 4695, 4703, 4730, 4775, 4790, 4848, 4666, 4824, 4640, 4761, 4680, 4722, 4721, 4736, 4771, 4805, 4786, 4715, 4743, 4813, 4724, 4808, 4773, 4800, 4901, 4847, 4827, 4807, 4890, 4956, 4828, 4945, 4937, 4958, 4866, 4965, 5054, 5018, 5025, 5072, 5067, 5156, 4987, 5164, 5120, 5228, 5231, 5208, 5215, 5230, 5280, 5289, 5305, 5369, 5326, 5456, 5332, 5433, 5388, 5528, 5323, 5482, 5502, 5441, 5508, 5300, 5606, 5597, 5465, 5597, 5540, 5553, 5650, 5633, 5693, 5729, 5960, 5979, 6007, 6164, 5959, 6222, 6078, 6156, 6138, 6068, 6288, 6236, 6104, 6154, 6196, 6200, 6055, 6075, 6009, 5926, 5734, 5809, 5715, 5672, 5455, 5508, 5419, 5380, 5421, 5367, 5273, 5252, 5146, 5246, 5186, 5138, 5161, 5077, 5095, 5068, 4917, 5076, 5001, 5018, 4830, 5018, 4931, 4910, 4951, 4777, 4916, 4820, 4816, 4880, 4775, 4850, 4887, 4717, 4722, 4787, 4705, 4693, 4691, 4689, 4635, 4884, 4479, 4588, 4645, 4558, 4684, 4623, 4530, 4536, 4514, 4527, 4458, 4502, 4412, 4495, 4385, 4368, 4383, 4286, 4288, 4232, 4113, 4046, 4125, 4097, 3835, 3898, 3758, 3745, 3648, 3653, 3525, 3471, 3352, 3273, 3371, 3712, 3216, 3313, 3672, 3324, 3347, 3418, 3399, 3323, 3350, 3256, 3239, 3208, 3173, 3209, 3145, 3105, 3055, 3152, 3098, 2995, 2980, 3039, 2981, 2954, 2955, 2822, 2904, 2884, 2918, 2752, 2851, 2888, 2810, 2699, 2819, 2815, 2773, 2750, 2674, 2825, 2648, 2678, 2717, 2722, 2669, 2739, 2598, 2648, 2651, 2599, 2668, 2614, 2540, 2621, 2611, 2574, 2619, 2602, 2578, 2511, 2621, 2615, 2527, 2536, 2537, 2587, 2617, 2567, 2501, 2654, 2643, 2730, 2529, 2707, 2752, 2807, 2830, 2820, 2732, 2733, 2738, 2680, 2693, 2596, 2657, 2577, 2570, 2537, 2568, 2460, 2468, 2422, 2403, 2396, 2378, 2312, 2285, 2205, 2208, 2164, 2033, 1974, 1903, 1840, 1792, 1764, 1736, 1704, 1626, 1653, 1598, 1599, 1555, 1467, 1457, 1442, 1435, 1416, 1387, 1331, 1358, 1255, 1257, 1238, 1225, 1189, 1273, 1167, 1104, 1138, 1126, 1058, 1034, 1040, 1033, 1061, 1009, 1008, 959, 935, 931, 915, 897, 858, 866, 909, 835, 826, 834, 796, 759, 775, 783, 748, 754, 700, 704, 667, 679, 633, 690, 654, 633, 647, 574, 578, 546, 591, 193, 1], u'frame_diff': [0, 1, 2, 3, 4, 5, 6, 7, 8, 9, 10, 11, 12, 13, 14, 15, 16, 17, 18, 19, 20, 21, 22, 23, 24, 25, 26, 27, 28, 29, 30, 31, 32, 33, 34, 35, 36, 37, 38, 39, 40, 41, 42, 43, 44, 45, 46, 47, 48, 49, 50, 51, 52, 53, 54, 55, 56, 57, 58, 59, 60, 61, 62, 63, 64, 65, 66, 67, 68, 69, 70, 71, 72, 73, 74, 75, 76, 77, 78, 79, 80, 81, 82, 83, 84, 85, 86, 87, 88, 89, 90, 91, 92, 93, 94, 95, 96, 97, 98, 99, 100, 101, 102, 103, 104, 105, 106, 107, 108, 109, 110, 111, 112, 113, 114, 115, 116, 117, 118, 119, 120, 121, 122, 123, 124, 125, 126, 127, 128, 129, 130, 131, 132, 133, 134, 135, 136, 137, 138, 139, 140, 141, 142, 143, 144, 145, 146, 147, 148, 149, 150, 151, 152, 153, 154, 155, 156, 157, 158, 159, 160, 161, 162, 163, 164, 165, 166, 167, 168, 169, 170, 171, 172, 173, 174, 175, 176, 177, 178, 179, 180, 181, 182, 183, 184, 185, 186, 187, 188, 189, 190, 191, 192, 193, 194, 195, 196, 197, 198, 199, 200, 201, 202, 203, 204, 205, 206, 207, 208, 209, 210, 211, 212, 213, 214, 215, 216, 217, 218, 219, 220, 221, 222, 223, 224, 225, 226, 227, 228, 229, 230, 231, 232, 233, 234, 235, 236, 237, 238, 239, 240, 241, 242, 243, 244, 245, 246, 247, 248, 249, 250, 251, 252, 253, 254, 255, 256, 257, 258, 259, 260, 261, 262, 263, 264, 265, 266, 267, 268, 269, 270, 271, 272, 273, 274, 275, 276, 277, 278, 279, 280, 281, 282, 283, 284, 285, 286, 287, 288, 289, 290, 291, 292, 293, 294, 295, 296, 297, 298, 299, 300, 301, 302, 303, 304, 305, 306, 307, 308, 309, 310, 311, 312, 313, 314, 315, 316, 317, 318, 319, 320, 321, 322, 323, 324, 325, 326, 327, 328, 329, 330, 331, 332, 333, 334, 335, 336, 337, 338, 339, 340, 341, 342, 343, 344, 345, 346, 347, 348, 349, 350, 351, 352, 353, 354, 355, 356, 357, 358, 359]}, u'output_files': [u'lysomad_remo.cns', u'lysomad_remo.shelx', u'lysomad_remo.mtz']}", 
         "sigma_spot": 1.0800000000000001, 
         "mosaicity": 0.19900000000000001, 
         "unique": 59229, 
         "data": 17, 
         "cell_beta": 90.0, 
         "kind": 1, 
         "name": "lysomad_remo", 
         "created": "2010-02-03 13:40:05", 
         "url": "/home/michel/tmp/lysomad_remo-proc", 
         "multiplicity": 6.6411723986560602, 
         "cell_c": 36.899999999999999, 
         "cell_b": 78.939999999999998, 
         "cell_a": 78.939999999999998, 
         "project": 1, 
         "crystal": 1, 
         "reflections": 393350, 
         "ice_rings": -1, 
         "resolution": 1.23
      }
   }, 
   {
      "pk": 4, 
      "model": "lims.result", 
      "fields": {
         "r_mrgdf": -99.900000000000006, 
         "cell_alpha": 90.040000000000006, 
         "cell_gamma": 89.459999999999994, 
         "sigma_angle": 0.41999999999999998, 
         "modified": "2010-02-03 12:38:04", 
         "completeness": 1.0, 
         "score": 0.23281916684634801, 
         "r_meas": -99.900000000000006, 
         "space_group": 1, 
         "i_sigma": -99.0, 
         "experiment": 1, 
         "details": "{u'spacegroup_selection': {u'space_group': [1], u'probability': [1.0], u'name': [u'P1']}, u'overlap_analysis': {u'angle': [3.6699999999999999, 2.75, 1.8400000000000001, 0.92000000000000004], u'resolution': [4.0, 3.0, 2.0, 1.0]}, u'frame_statistics': {u'unique': [265, 408, 619, 497, 217], u'scale': [1.002, 0.98299999999999998, 0.98999999999999999, 0.99099999999999999, 0.98599999999999999, 0.99399999999999999], u'overloads': [0, 0, 0, 0, 0, 0], u'r_meas': [0.0, 0.0, 0.0, 0.0, 0.0], u'frame': [1, 2, 3, 4, 5, 6], u'divergence': [0.032099999999999997, 0.032099999999999997, 0.033500000000000002, 0.0292, 0.0309, 0.028000000000000001], u'i_sigma': [2.5800000000000001, 2.3199999999999998, 1.8899999999999999, 1.5900000000000001, 1.78], u'unexpected': [0, 3, 0, 0, 0, 0], u'reflections': [8425, 8502, 8544, 8499, 8435, 8441], u'corr': [0.0, 0.0, 0.0, 0.0, 0.0], u'i_obs': [86568.0, 75540.0, 64818.0, 54022.0, 64206.0], u'n_misfit': [0, 0, 0, 0, 0], u'mosaicity': [1.2417, 1.0618000000000001, 1.077, 1.4554, 1.5354000000000001, 1.3540000000000001]}, u'shell_statistics': {u'sig_ano': [0.0, 0.0, 0.0, 0.0, 0.0, 0.0, 0.0, 0.0, 0.0, 0.0, 0.0, 0.0, 0.0, 0.0, 0.0, 0.0, 0.0, 0.0, 0.0, 0.0], u'r_mrgdf': [-99.900000000000006, -99.900000000000006, -99.900000000000006, -99.900000000000006, -99.900000000000006, -99.900000000000006, -99.900000000000006, -99.900000000000006, -99.900000000000006, -99.900000000000006, -99.900000000000006, -99.900000000000006, -99.900000000000006, -99.900000000000006, -99.900000000000006, -99.900000000000006, -99.900000000000006, -99.900000000000006, -99.900000000000006, -99.900000000000006], u'shell': [10.08, 7.1299999999999999, 5.8200000000000003, 5.04, 4.5099999999999998, 4.1200000000000001, 3.8100000000000001, 3.5600000000000001, 3.3599999999999999, 3.1899999999999999, 3.04, 2.9100000000000001, 2.7999999999999998, 2.6899999999999999, 2.6000000000000001, 2.52, 2.4500000000000002, 2.3799999999999999, 2.3100000000000001, 2.25], u'completeness': [2.2999999999999998, 1.8, 1.3999999999999999, 1.7, 1.8999999999999999, 1.8, 1.8, 1.6000000000000001, 1.3999999999999999, 1.3, 1.5, 1.2, 1.0, 0.69999999999999996, 0.59999999999999998, 0.40000000000000002, 0.29999999999999999, 0.29999999999999999, 0.20000000000000001, 0.10000000000000001], u'cor_ano': [0, 0, 0, 0, 0, 0, 0, 0, 0, 0, 0, 0, 0, 0, 0, 0, 0, 0, 0, 0], u'r_meas': [-99.900000000000006, -99.900000000000006, -99.900000000000006, -99.900000000000006, -99.900000000000006, -99.900000000000006, -99.900000000000006, -99.900000000000006, -99.900000000000006, -99.900000000000006, -99.900000000000006, -99.900000000000006, -99.900000000000006, -99.900000000000006, -99.900000000000006, -99.900000000000006, -99.900000000000006, -99.900000000000006, -99.900000000000006, -99.900000000000006], u'i_sigma': [-99.0, -99.0, -99.0, -99.0, -99.0, -99.0, -99.0, -99.0, -99.0, -99.0, -99.0, -99.0, -99.0, -99.0, -99.0, -99.0, -99.0, -99.0, -99.0, -99.0]}, u'compatible_lattices': {u'volume': [407575.16751593619, 407575.16751593619, 407575.16751593619], u'unit_cell': [u' 52.5  66.7 117.1  90.1  96.3  90.2', u' 52.5  66.7 117.1  90.1  83.7  89.8', u' 52.5  66.7 117.1  90.1  96.3  90.2'], u'type': [u'aP', u'aP', u'mP'], u'id': [44, 31, 33], u'quality': [0.0, 1.3999999999999999, 4.0999999999999996]}, u'diff_statistics': {u'n_friedel': [], u'n_refl': [], u'rd': [], u'rd_non_friedel': [], u'rd_friedel': [], u'n_non_friedel': [], u'frame_diff': []}}", 
         "sigma_spot": 1.3700000000000001, 
         "mosaicity": 0.94299999999999995, 
         "unique": 1431, 
         "data": 7, 
         "cell_beta": 95.989999999999995, 
         "kind": 0, 
         "name": "fs3_1_ia", 
         "created": "2010-02-03 12:38:04", 
         "url": "/home/michel/tmp/fs3_1_ia-scrn", 
         "multiplicity": 1.0, 
         "cell_c": 116.40000000000001, 
         "cell_b": 66.359999999999999, 
         "cell_a": 51.810000000000002, 
         "project": 1, 
         "crystal": 1, 
         "reflections": 1431, 
         "ice_rings": 3, 
         "resolution": 2.25
      }
   }, 
   {
      "pk": 5, 
      "model": "lims.result", 
      "fields": {
         "r_mrgdf": 17.600000000000001, 
         "cell_alpha": 90.0, 
         "cell_gamma": 90.0, 
         "sigma_angle": 0.25, 
         "modified": "2010-02-03 12:40:03", 
         "completeness": 3.1000000000000001, 
         "score": 0.24126883589714199, 
         "r_meas": 10.1, 
         "space_group": 3, 
         "i_sigma": 9.6500000000000004, 
         "experiment": 1, 
         "details": "{u'spacegroup_selection': {u'space_group': [3, 4], u'probability': [0.91500000000000004, 0.91500000000000004], u'name': [u'P2', u'P2(1)']}, u'overlap_analysis': {u'angle': [3.6299999999999999, 2.7200000000000002, 1.8200000000000001, 0.91000000000000003], u'resolution': [4.0, 3.0, 2.0, 1.0]}, u'frame_statistics': {u'unique': [546, 687, 684, 686, 582, 36], u'scale': [1.0009999999999999, 0.94299999999999995, 0.98899999999999999, 0.98699999999999999, 0.98899999999999999, 0.98799999999999999], u'overloads': [0, 0, 0, 0, 0, 0], u'r_meas': [0.25069999999999998, 0.085199999999999998, 0.1004, 0.099199999999999997, 0.089599999999999999, 0.22059999999999999], u'frame': [1, 2, 3, 4, 5, 6], u'divergence': [0.039899999999999998, 0.037499999999999999, 0.040000000000000001, 0.039800000000000002, 0.041500000000000002, 0.039699999999999999], u'i_sigma': [7.4699999999999998, 7.79, 8.1799999999999997, 8.6300000000000008, 7.4299999999999997, 5.3600000000000003], u'unexpected': [12, 8, 3, 17, 14, 12], u'reflections': [4090, 4118, 4132, 4165, 4163, 4151], u'corr': [0.0, 0.0, 0.0, 0.0, 0.0, 0.0], u'i_obs': [90247.0, 90001.0, 96037.0, 100761.0, 90115.0, 73173.0], u'n_misfit': [0, 0, 0, 0, 0, 0], u'mosaicity': [0.40250000000000002, 0.4209, 0.52180000000000004, 0.38669999999999999, 0.44059999999999999, 0.44259999999999999]}, u'shell_statistics': {u'sig_ano': [0.0, 0.0, 0.0, 0.0, 0.0, 0.0, 0.0, 0.0, 0.0, 0.0, 0.0, 0.0, 0.0, 0.0, 0.0, 0.0, 0.0, 0.0, 0.0, 0.0], u'r_mrgdf': [0.59999999999999998, -99.900000000000006, 7.4000000000000004, 3.6000000000000001, 2.2999999999999998, 12.800000000000001, 5.0, 8.9000000000000004, 33.700000000000003, 17.600000000000001, 24.899999999999999, 67.700000000000003, 64.099999999999994, 64.5, -99.900000000000006, -99.900000000000006, -99.900000000000006, -99.900000000000006, -99.900000000000006, -99.900000000000006], u'shell': [9.3000000000000007, 6.5800000000000001, 5.3700000000000001, 4.6500000000000004, 4.1600000000000001, 3.7999999999999998, 3.52, 3.29, 3.1000000000000001, 2.9399999999999999, 2.7999999999999998, 2.6899999999999999, 2.5800000000000001, 2.4900000000000002, 2.3999999999999999, 2.3300000000000001, 2.2599999999999998, 2.1899999999999999, 2.1299999999999999, 2.0800000000000001], u'completeness': [4.9000000000000004, 4.7000000000000002, 5.2000000000000002, 4.7000000000000002, 5.2000000000000002, 5.0, 5.0999999999999996, 4.7999999999999998, 4.7000000000000002, 4.4000000000000004, 4.2999999999999998, 4.2999999999999998, 3.7999999999999998, 3.2000000000000002, 2.3999999999999999, 2.0, 1.3, 0.90000000000000002, 0.90000000000000002, 0.29999999999999999], u'cor_ano': [0, 0, 0, 0, 0, 0, 0, 0, 0, 0, 0, 0, 0, 0, 0, 0, 0, 0, 0, 0], u'r_meas': [0.80000000000000004, -99.900000000000006, 6.7999999999999998, 4.7999999999999998, 2.3999999999999999, 12.6, 5.0999999999999996, 10.300000000000001, 25.300000000000001, 16.300000000000001, 28.899999999999999, 45.100000000000001, 53.700000000000003, 33.899999999999999, -99.900000000000006, -99.900000000000006, -99.900000000000006, -99.900000000000006, -99.900000000000006, -99.900000000000006], u'i_sigma': [43.590000000000003, -99.0, 17.48, 21.57, 21.960000000000001, 16.960000000000001, 14.07, 10.34, 7.0700000000000003, 5.2999999999999998, 4.21, 3.46, 2.7799999999999998, 2.6000000000000001, -99.0, -99.0, -99.0, -99.0, -99.0, -99.0]}, u'compatible_lattices': {u'volume': [414767.01547419699, 414767.01547419705, 414767.01547419705], u'unit_cell': [u' 52.2  67.8 117.8  89.6  84.2  89.8', u' 52.2  67.8 117.8  90.4  95.8  89.8', u' 52.2  67.8 117.8  90.4  95.8  89.8'], u'type': [u'aP', u'aP', u'mP'], u'id': [31, 44, 33], u'quality': [0.0, 1.8999999999999999, 14.1]}, u'diff_statistics': {u'n_friedel': [0, 0, 1, 1, 4, 3], u'n_refl': [19, 27, 20, 15, 12, 3], u'rd': [0.1951, 0.1129, 0.1517, 0.1447, 0.3286, 0.97130000000000005], u'rd_non_friedel': [0.1951, 0.1129, 0.2087, 0.1492, 0.28339999999999999, 0.0], u'rd_friedel': [0.0, 0.0, 0.0112, 0.0155, 0.42870000000000003, 0.97130000000000005], u'n_non_friedel': [19, 27, 19, 14, 8, 0], u'frame_diff': [0, 1, 2, 3, 4, 5]}}", 
         "sigma_spot": 1.26, 
         "mosaicity": 0.61699999999999999, 
         "unique": 2944, 
         "data": 8, 
         "cell_beta": 95.840000000000003, 
         "kind": 0, 
         "name": "fs3_1_ia-r2", 
         "created": "2010-02-03 12:40:03", 
         "url": "/home/michel/tmp/fs3_1_ia-r2-scrn", 
         "multiplicity": 1.02717391304348, 
         "cell_c": 117.09999999999999, 
         "cell_b": 67.010000000000005, 
         "cell_a": 51.979999999999997, 
         "project": 1, 
         "crystal": 1, 
         "reflections": 3024, 
         "ice_rings": 3, 
         "resolution": 2.0800000000000001
      }
   }, 
   {
      "pk": 6, 
      "model": "lims.result", 
      "fields": {
         "r_mrgdf": -99.900000000000006, 
         "cell_alpha": 86.650000000000006, 
         "cell_gamma": 72.769999999999996, 
         "sigma_angle": 0.23999999999999999, 
         "modified": "2010-02-03 12:42:17", 
         "completeness": 1.3, 
         "score": 0.23330954518630301, 
         "r_meas": -99.900000000000006, 
         "space_group": 1, 
         "i_sigma": -99.0, 
         "experiment": 1, 
         "details": "{u'spacegroup_selection': {u'space_group': [1], u'probability': [1.0], u'name': [u'P1']}, u'overlap_analysis': {u'angle': [2.0899999999999999, 1.5700000000000001, 1.04, 0.52000000000000002], u'resolution': [4.0, 3.0, 2.0, 1.0]}, u'frame_statistics': {u'unique': [1185, 1222, 1229, 1237, 1002, 14], u'scale': [1.0189999999999999, 1.014, 1.0149999999999999, 1.008, 1.0009999999999999, 0.998], u'overloads': [1, 2, 3, 2, 0, 0], u'r_meas': [0.042299999999999997, 0.0, 0.024400000000000002, 0.043200000000000002, 0.0511, 0.0], u'frame': [1, 2, 3, 4, 5, 6], u'divergence': [0.050200000000000002, 0.047800000000000002, 0.047600000000000003, 0.046100000000000002, 0.0482, 0.050799999999999998], u'i_sigma': [5.9299999999999997, 5.6799999999999997, 4.2599999999999998, 4.6600000000000001, 5.1100000000000003, 6.6699999999999999], u'unexpected': [2, 0, 0, 2, 2, 2], u'reflections': [7541, 7538, 7536, 7559, 7496, 7530], u'corr': [0.0, 0.0, 0.0, 0.0, 0.0, 0.0], u'i_obs': [111725.0, 107739.0, 78733.0, 87102.0, 96999.0, 139573.0], u'n_misfit': [0, 0, 0, 0, 0, 0], u'mosaicity': [0.5333, 0.47089999999999999, 0.4546, 0.45440000000000003, 0.50460000000000005, 0.44629999999999997]}, u'shell_statistics': {u'sig_ano': [0.0, 0.0, 0.0, 0.0, 0.0, 0.0, 0.0, 0.0, 0.0, 0.0, 0.0, 0.0, 0.0, 0.0, 0.0, 0.0, 0.0, 0.0, 0.0, 0.0], u'r_mrgdf': [-99.900000000000006, -99.900000000000006, -99.900000000000006, -99.900000000000006, -99.900000000000006, -99.900000000000006, -99.900000000000006, -99.900000000000006, -99.900000000000006, -99.900000000000006, -99.900000000000006, -99.900000000000006, -99.900000000000006, -99.900000000000006, -99.900000000000006, -99.900000000000006, -99.900000000000006, -99.900000000000006, -99.900000000000006, -99.900000000000006], u'shell': [10.73, 7.5899999999999999, 6.2000000000000002, 5.3700000000000001, 4.7999999999999998, 4.3799999999999999, 4.0599999999999996, 3.7999999999999998, 3.5800000000000001, 3.3900000000000001, 3.2400000000000002, 3.1000000000000001, 2.98, 2.8700000000000001, 2.77, 2.6800000000000002, 2.6000000000000001, 2.5299999999999998, 2.46, 2.3999999999999999], u'completeness': [2.6000000000000001, 2.7000000000000002, 2.7999999999999998, 2.5, 2.5, 2.2000000000000002, 2.1000000000000001, 2.0, 1.8999999999999999, 1.8, 1.5, 1.3999999999999999, 1.3999999999999999, 0.90000000000000002, 0.80000000000000004, 0.59999999999999998, 0.5, 0.40000000000000002, 0.29999999999999999, 0.10000000000000001], u'cor_ano': [0, 0, 0, 0, 0, 0, 0, 0, 0, 0, 0, 0, 0, 0, 0, 0, 0, 0, 0, 0], u'r_meas': [-99.900000000000006, -99.900000000000006, -99.900000000000006, -99.900000000000006, -99.900000000000006, -99.900000000000006, -99.900000000000006, -99.900000000000006, -99.900000000000006, -99.900000000000006, -99.900000000000006, -99.900000000000006, -99.900000000000006, -99.900000000000006, -99.900000000000006, -99.900000000000006, -99.900000000000006, -99.900000000000006, -99.900000000000006, -99.900000000000006], u'i_sigma': [-99.0, -99.0, -99.0, -99.0, -99.0, -99.0, -99.0, -99.0, -99.0, -99.0, -99.0, -99.0, -99.0, -99.0, -99.0, -99.0, -99.0, -99.0, -99.0, -99.0]}, u'compatible_lattices': {u'volume': [1033727.9815913127, 1033727.9815913128], u'unit_cell': [u' 85.1 113.2 113.8  87.1  71.9  82.8', u' 85.1 113.2 113.8  87.1 108.1  97.2'], u'type': [u'aP', u'aP'], u'id': [31, 44], u'quality': [0.0, 44.399999999999999]}, u'diff_statistics': {u'n_friedel': [1, 3, 2], u'n_refl': [1, 3, 2], u'rd': [0.0344, 0.061100000000000002, 0.0722], u'rd_non_friedel': [0.0, 0.0, 0.0], u'rd_friedel': [0.0344, 0.061100000000000002, 0.0722], u'n_non_friedel': [0, 0, 0], u'frame_diff': [2, 3, 4]}}", 
         "sigma_spot": 1.47, 
         "mosaicity": 0.51400000000000001, 
         "unique": 4056, 
         "data": 9, 
         "cell_beta": 82.060000000000002, 
         "kind": 0, 
         "name": "130_bi_1", 
         "created": "2010-02-03 12:42:17", 
         "url": "/home/michel/tmp/130_bi_1-scrn", 
         "multiplicity": 1.0, 
         "cell_c": 111.8, 
         "cell_b": 111.59999999999999, 
         "cell_a": 82.939999999999998, 
         "project": 1, 
         "crystal": 1, 
         "reflections": 4056, 
         "ice_rings": 0, 
         "resolution": 2.3999999999999999
      }
   }, 
   {
      "pk": 7, 
      "model": "lims.result", 
      "fields": {
         "r_mrgdf": -99.900000000000006, 
         "cell_alpha": 85.900000000000006, 
         "cell_gamma": 80.170000000000002, 
         "sigma_angle": 0.17999999999999999, 
         "modified": "2010-02-03 12:44:17", 
         "completeness": 1.5, 
         "score": 0.26995062407703502, 
         "r_meas": -99.900000000000006, 
         "space_group": 1, 
         "i_sigma": -99.0, 
         "experiment": 1, 
         "details": "{u'spacegroup_selection': {u'space_group': [1], u'probability': [1.0], u'name': [u'P1']}, u'overlap_analysis': {u'angle': [2.25, 1.6899999999999999, 1.1200000000000001, 0.56000000000000005], u'resolution': [4.0, 3.0, 2.0, 1.0]}, u'frame_statistics': {u'unique': [1110, 969, 925, 988, 916, 259], u'scale': [1.008, 1.0169999999999999, 1.0309999999999999, 1.0289999999999999, 1.028, 1.034], u'overloads': [1, 2, 0, 0, 1, 1], u'r_meas': [0.0263, 0.0138, 0.0, 0.0, 0.0184, 0.0304], u'frame': [1, 2, 3, 4, 5, 6], u'divergence': [0.031300000000000001, 0.0315, 0.030300000000000001, 0.030599999999999999, 0.0327, 0.029899999999999999], u'i_sigma': [5.29, 5.3300000000000001, 5.4299999999999997, 4.4800000000000004, 5.1299999999999999, 3.3900000000000001], u'unexpected': [4, 5, 3, 5, 4, 2], u'reflections': [3787, 3806, 3804, 3821, 3817, 3846], u'corr': [0.0, 0.0, 0.0, 0.0, 0.0, 0.0], u'i_obs': [172090.0, 180147.0, 185267.0, 147215.0, 165644.0, 111580.0], u'n_misfit': [0, 0, 0, 0, 0, 0], u'mosaicity': [0.29149999999999998, 0.25090000000000001, 0.30280000000000001, 0.27900000000000003, 0.29820000000000002, 0.28689999999999999]}, u'shell_statistics': {u'sig_ano': [0.0, 0.0, 0.0, 0.0, 0.0, 0.0, 0.0, 0.0, 0.0, 0.0, 0.0, 0.0, 0.0, 0.0, 0.0, 0.0, 0.0, 0.0, 0.0, 0.0], u'r_mrgdf': [-99.900000000000006, -99.900000000000006, -99.900000000000006, -99.900000000000006, -99.900000000000006, -99.900000000000006, -99.900000000000006, -99.900000000000006, -99.900000000000006, -99.900000000000006, -99.900000000000006, -99.900000000000006, -99.900000000000006, -99.900000000000006, -99.900000000000006, -99.900000000000006, -99.900000000000006, -99.900000000000006, -99.900000000000006, -99.900000000000006], u'shell': [11.43, 8.0800000000000001, 6.5999999999999996, 5.7199999999999998, 5.1100000000000003, 4.6699999999999999, 4.3200000000000003, 4.04, 3.8100000000000001, 3.6099999999999999, 3.4500000000000002, 3.2999999999999998, 3.1699999999999999, 3.0600000000000001, 2.9500000000000002, 2.8599999999999999, 2.77, 2.6899999999999999, 2.6200000000000001, 2.5600000000000001], u'completeness': [2.7999999999999998, 2.8999999999999999, 3.0, 2.8999999999999999, 3.0, 2.7000000000000002, 2.5, 2.3999999999999999, 2.1000000000000001, 1.8999999999999999, 2.0, 1.8, 1.5, 1.3, 1.0, 0.69999999999999996, 0.5, 0.5, 0.40000000000000002, 0.20000000000000001], u'cor_ano': [0, 0, 0, 0, 0, 0, 0, 0, 0, 0, 0, 0, 0, 0, 0, 0, 0, 0, 0, 0], u'r_meas': [-99.900000000000006, -99.900000000000006, -99.900000000000006, -99.900000000000006, -99.900000000000006, -99.900000000000006, -99.900000000000006, -99.900000000000006, -99.900000000000006, -99.900000000000006, -99.900000000000006, -99.900000000000006, -99.900000000000006, -99.900000000000006, -99.900000000000006, -99.900000000000006, -99.900000000000006, -99.900000000000006, -99.900000000000006, -99.900000000000006], u'i_sigma': [-99.0, -99.0, -99.0, -99.0, -99.0, -99.0, -99.0, -99.0, -99.0, -99.0, -99.0, -99.0, -99.0, -99.0, -99.0, -99.0, -99.0, -99.0, -99.0, -99.0]}, u'compatible_lattices': {u'volume': [987350.54349257611], u'unit_cell': [u' 84.6 111.5 111.9  85.9  71.7  80.2'], u'type': [u'aP'], u'id': [31], u'quality': [0.0]}, u'diff_statistics': {u'n_friedel': [2, 5, 1], u'n_refl': [2, 5, 1], u'rd': [0.024799999999999999, 0.023099999999999999, 0.079899999999999999], u'rd_non_friedel': [0.0, 0.0, 0.0], u'rd_friedel': [0.024799999999999999, 0.023099999999999999, 0.079899999999999999], u'n_non_friedel': [0, 0, 0], u'frame_diff': [3, 4, 5]}}", 
         "sigma_spot": 1.1000000000000001, 
         "mosaicity": 0.253, 
         "unique": 3681, 
         "data": 10, 
         "cell_beta": 71.670000000000002, 
         "kind": 0, 
         "name": "cpd165soak_1", 
         "created": "2010-02-03 12:44:17", 
         "url": "/home/michel/tmp/cpd165soak_1-scrn", 
         "multiplicity": 1.0, 
         "cell_c": 111.8, 
         "cell_b": 111.5, 
         "cell_a": 84.689999999999998, 
         "project": 1, 
         "crystal": 1, 
         "reflections": 3681, 
         "ice_rings": 1, 
         "resolution": 2.5600000000000001
      }
   }, 
   {
      "pk": 8, 
      "model": "lims.result", 
      "fields": {
         "r_mrgdf": -99.900000000000006, 
         "cell_alpha": 85.689999999999998, 
         "cell_gamma": 80.450000000000003, 
         "sigma_angle": 0.17000000000000001, 
         "modified": "2010-02-03 12:46:24", 
         "completeness": 1.3999999999999999, 
         "score": 0.25952604732296802, 
         "r_meas": -99.900000000000006, 
         "space_group": 1, 
         "i_sigma": -99.0, 
         "experiment": 1, 
         "details": "{u'spacegroup_selection': {u'space_group': [1], u'probability': [1.0], u'name': [u'P1']}, u'overlap_analysis': {u'angle': [2.0699999999999998, 1.55, 1.04, 0.52000000000000002], u'resolution': [4.0, 3.0, 2.0, 1.0]}, u'frame_statistics': {u'unique': [1246, 1185, 1180, 1186, 1217, 184], u'scale': [1.012, 1.012, 1.0069999999999999, 1.012, 1.014, 1.012], u'overloads': [0, 0, 1, 0, 0, 0], u'r_meas': [0.067500000000000004, 0.059799999999999999, 0.0516, 0.070000000000000007, 0.055899999999999998, 0.065100000000000005], u'frame': [1, 2, 3, 4, 5, 6], u'divergence': [0.043299999999999998, 0.041500000000000002, 0.042099999999999999, 0.041399999999999999, 0.041200000000000001, 0.041000000000000002], u'i_sigma': [8.8000000000000007, 8.5299999999999994, 7.96, 7.6100000000000003, 6.4000000000000004, 11.74], u'unexpected': [39, 44, 41, 39, 46, 40], u'reflections': [6210, 6215, 6261, 6240, 6151, 6241], u'corr': [0.0, 0.0, 0.0, 0.0, 0.0, 0.0], u'i_obs': [163192.0, 159896.0, 149711.0, 140717.0, 114994.0, 235055.0], u'n_misfit': [0, 0, 0, 0, 0, 0], u'mosaicity': [0.36780000000000002, 0.37709999999999999, 0.29909999999999998, 0.3977, 0.41849999999999998, 0.44500000000000001]}, u'shell_statistics': {u'sig_ano': [0.0, 0.0, 0.0, 0.0, 0.0, 0.0, 0.0, 0.0, 0.0, 0.0, 0.0, 0.0, 0.0, 0.0, 0.0, 0.0, 0.0, 0.0, 0.0, 0.0], u'r_mrgdf': [-99.900000000000006, -99.900000000000006, -99.900000000000006, -99.900000000000006, -99.900000000000006, -99.900000000000006, -99.900000000000006, -99.900000000000006, -99.900000000000006, -99.900000000000006, -99.900000000000006, -99.900000000000006, -99.900000000000006, -99.900000000000006, -99.900000000000006, -99.900000000000006, -99.900000000000006, -99.900000000000006, -99.900000000000006, -99.900000000000006], u'shell': [10.6, 7.5, 6.1200000000000001, 5.2999999999999998, 4.7400000000000002, 4.3300000000000001, 4.0099999999999998, 3.75, 3.5299999999999998, 3.3500000000000001, 3.2000000000000002, 3.0600000000000001, 2.9399999999999999, 2.8300000000000001, 2.7400000000000002, 2.6499999999999999, 2.5699999999999998, 2.5, 2.4300000000000002, 2.3700000000000001], u'completeness': [3.1000000000000001, 3.2000000000000002, 3.0, 2.8999999999999999, 2.8999999999999999, 2.7000000000000002, 2.5, 2.5, 2.2000000000000002, 1.8, 1.7, 1.5, 1.3, 1.1000000000000001, 0.80000000000000004, 0.59999999999999998, 0.5, 0.40000000000000002, 0.29999999999999999, 0.10000000000000001], u'cor_ano': [0, 0, 0, 0, 0, 0, 0, 0, 0, 0, 0, 0, 0, 0, 0, 0, 0, 0, 0, 0], u'r_meas': [-99.900000000000006, -99.900000000000006, -99.900000000000006, -99.900000000000006, -99.900000000000006, -99.900000000000006, -99.900000000000006, -99.900000000000006, -99.900000000000006, -99.900000000000006, -99.900000000000006, -99.900000000000006, -99.900000000000006, -99.900000000000006, -99.900000000000006, -99.900000000000006, -99.900000000000006, -99.900000000000006, -99.900000000000006, -99.900000000000006], u'i_sigma': [-99.0, -99.0, -99.0, -99.0, -99.0, -99.0, -99.0, -99.0, -99.0, -99.0, -99.0, -99.0, -99.0, -99.0, -99.0, -99.0, -99.0, -99.0, -99.0, -99.0]}, u'compatible_lattices': {u'volume': [1015431.7888315545], u'unit_cell': [u' 84.4 112.9 113.9  85.8  80.7  71.5'], u'type': [u'aP'], u'id': [31], u'quality': [0.0]}, u'diff_statistics': {u'n_friedel': [1, 4, 5], u'n_refl': [1, 4, 5], u'rd': [0.041099999999999998, 0.1016, 0.088999999999999996], u'rd_non_friedel': [0.0, 0.0, 0.0], u'rd_friedel': [0.041099999999999998, 0.1016, 0.088999999999999996], u'n_non_friedel': [0, 0, 0], u'frame_diff': [2, 3, 4]}}", 
         "sigma_spot": 1.1699999999999999, 
         "mosaicity": 0.35599999999999998, 
         "unique": 4461, 
         "data": 11, 
         "cell_beta": 71.480000000000004, 
         "kind": 0, 
         "name": "A4_2", 
         "created": "2010-02-03 12:46:24", 
         "url": "/home/michel/tmp/A4_2-scrn", 
         "multiplicity": 1.0, 
         "cell_c": 111.5, 
         "cell_b": 111.0, 
         "cell_a": 83.230000000000004, 
         "project": 1, 
         "crystal": 1, 
         "reflections": 4461, 
         "ice_rings": 5, 
         "resolution": 2.3700000000000001
      }
   }, 
   {
      "pk": 9, 
      "model": "lims.result", 
      "fields": {
         "r_mrgdf": -99.900000000000006, 
         "cell_alpha": 85.909999999999997, 
         "cell_gamma": 71.150000000000006, 
         "sigma_angle": 0.14999999999999999, 
         "modified": "2010-02-03 12:48:20", 
         "completeness": 1.3999999999999999, 
         "score": 0.28365074149594599, 
         "r_meas": -99.900000000000006, 
         "space_group": 1, 
         "i_sigma": -99.0, 
         "experiment": 1, 
         "details": "{u'spacegroup_selection': {u'space_group': [1], u'probability': [1.0], u'name': [u'P1']}, u'overlap_analysis': {u'angle': [2.0699999999999998, 1.55, 1.04, 0.52000000000000002], u'resolution': [4.0, 3.0, 2.0, 1.0]}, u'frame_statistics': {u'unique': [1781, 1434, 1429, 1476, 1425, 507], u'scale': [1.014, 1.028, 0.98399999999999999, 0.98999999999999999, 0.996, 0.99099999999999999], u'overloads': [0, 0, 0, 0, 0, 0], u'r_meas': [0.038300000000000001, 0.0089999999999999993, 0.049399999999999999, 0.013899999999999999, 0.035700000000000003, 0.051700000000000003], u'frame': [1, 2, 3, 4, 5, 6], u'divergence': [0.0304, 0.030599999999999999, 0.029700000000000001, 0.0309, 0.029600000000000001, 0.029000000000000001], u'i_sigma': [1.97, 1.8600000000000001, 1.8300000000000001, 2.2400000000000002, 2.3799999999999999, 2.6899999999999999], u'unexpected': [0, 2, 1, 6, 1, 1], u'reflections': [5244, 5227, 5222, 5217, 5260, 5231], u'corr': [0.0, 0.0, 0.0, 0.0, 0.0, 0.0], u'i_obs': [188864.0, 182807.0, 178875.0, 219942.0, 228444.0, 247142.0], u'n_misfit': [0, 0, 0, 0, 0, 0], u'mosaicity': [0.29260000000000003, 0.2248, 0.2392, 0.2351, 0.27829999999999999, 0.22109999999999999]}, u'shell_statistics': {u'sig_ano': [0.0, 0.0, 0.0, 0.0, 0.0, 0.0, 0.0, 0.0, 0.0, 0.0, 0.0, 0.0, 0.0, 0.0, 0.0, 0.0, 0.0, 0.0, 0.0, 0.0], u'r_mrgdf': [-99.900000000000006, -99.900000000000006, -99.900000000000006, -99.900000000000006, -99.900000000000006, -99.900000000000006, -99.900000000000006, -99.900000000000006, -99.900000000000006, -99.900000000000006, -99.900000000000006, -99.900000000000006, -99.900000000000006, -99.900000000000006, -99.900000000000006, -99.900000000000006, -99.900000000000006, -99.900000000000006, -99.900000000000006, -99.900000000000006], u'shell': [10.01, 7.0800000000000001, 5.7800000000000002, 5.0099999999999998, 4.4800000000000004, 4.0899999999999999, 3.79, 3.54, 3.3399999999999999, 3.1699999999999999, 3.02, 2.8900000000000001, 2.7799999999999998, 2.6800000000000002, 2.5899999999999999, 2.5, 2.4300000000000002, 2.3599999999999999, 2.2999999999999998, 2.2400000000000002], u'completeness': [3.2000000000000002, 3.1000000000000001, 2.8999999999999999, 2.7999999999999998, 2.7000000000000002, 2.3999999999999999, 2.0, 1.8999999999999999, 1.8, 1.6000000000000001, 1.6000000000000001, 1.6000000000000001, 1.5, 1.2, 0.80000000000000004, 0.80000000000000004, 0.59999999999999998, 0.5, 0.40000000000000002, 0.10000000000000001], u'cor_ano': [0, 0, 0, 0, 0, 0, 0, 0, 0, 0, 0, 0, 0, 0, 0, 0, 0, 0, 0, 0], u'r_meas': [-99.900000000000006, -99.900000000000006, -99.900000000000006, -99.900000000000006, -99.900000000000006, -99.900000000000006, -99.900000000000006, -99.900000000000006, -99.900000000000006, -99.900000000000006, -99.900000000000006, -99.900000000000006, -99.900000000000006, -99.900000000000006, -99.900000000000006, -99.900000000000006, -99.900000000000006, -99.900000000000006, -99.900000000000006, -99.900000000000006], u'i_sigma': [-99.0, -99.0, -99.0, -99.0, -99.0, -99.0, -99.0, -99.0, -99.0, -99.0, -99.0, -99.0, -99.0, -99.0, -99.0, -99.0, -99.0, -99.0, -99.0, -99.0]}, u'compatible_lattices': {u'volume': [1013745.8594588611], u'unit_cell': [u' 85.1 112.6 113.0  85.4  80.6  71.7'], u'type': [u'aP'], u'id': [31], u'quality': [0.0]}, u'diff_statistics': {u'n_friedel': [1, 1, 4, 3, 1], u'n_refl': [1, 1, 4, 3, 1], u'rd': [0.058299999999999998, 0.015599999999999999, 0.040500000000000001, 0.077100000000000002, 0.1414], u'rd_non_friedel': [0.0, 0.0, 0.0, 0.0, 0.0], u'rd_friedel': [0.058299999999999998, 0.015599999999999999, 0.040500000000000001, 0.077100000000000002, 0.1414], u'n_non_friedel': [0, 0, 0, 0, 0], u'frame_diff': [1, 2, 3, 4, 5]}}", 
         "sigma_spot": 0.68999999999999995, 
         "mosaicity": 0.214, 
         "unique": 5020, 
         "data": 12, 
         "cell_beta": 80.120000000000005, 
         "kind": 0, 
         "name": "dmso_bi_1", 
         "created": "2010-02-03 12:48:20", 
         "url": "/home/michel/tmp/dmso_bi_1-scrn", 
         "multiplicity": 1.0, 
         "cell_c": 111.3, 
         "cell_b": 111.09999999999999, 
         "cell_a": 84.140000000000001, 
         "project": 1, 
         "crystal": 1, 
         "reflections": 5020, 
         "ice_rings": 7, 
         "resolution": 2.2400000000000002
      }
   }, 
   {
      "pk": 10, 
      "model": "lims.result", 
      "fields": {
         "r_mrgdf": -99.900000000000006, 
         "cell_alpha": 85.849999999999994, 
         "cell_gamma": 80.819999999999993, 
         "sigma_angle": 0.20999999999999999, 
         "modified": "2010-02-03 12:50:41", 
         "completeness": 1.3, 
         "score": 0.23178022255912001, 
         "r_meas": -99.900000000000006, 
         "space_group": 1, 
         "i_sigma": -99.0, 
         "experiment": 1, 
         "details": "{u'spacegroup_selection': {u'space_group': [1], u'probability': [1.0], u'name': [u'P1']}, u'overlap_analysis': {u'angle': [2.0699999999999998, 1.55, 1.03, 0.52000000000000002], u'resolution': [4.0, 3.0, 2.0, 1.0]}, u'frame_statistics': {u'unique': [1040, 1174, 1179, 1158, 1062, 84], u'scale': [1.008, 1.016, 1.014, 1.0189999999999999, 1.038, 1.0309999999999999], u'overloads': [2, 1, 0, 0, 2, 1], u'r_meas': [0.045600000000000002, 0.033799999999999997, 0.047100000000000003, 0.033799999999999997, 0.036700000000000003, 0.0], u'frame': [1, 2, 3, 4, 5, 6], u'divergence': [0.048000000000000001, 0.048599999999999997, 0.049399999999999999, 0.048300000000000003, 0.049200000000000001, 0.049000000000000002], u'i_sigma': [11.17, 12.32, 9.6500000000000004, 11.31, 10.58, 13.869999999999999], u'unexpected': [4, 7, 3, 2, 3, 2], u'reflections': [8277, 8296, 8307, 8318, 8309, 8302], u'corr': [0.0, 0.0, 0.0, 0.0, 0.0, 0.0], u'i_obs': [103915.0, 117211.0, 86842.0, 106261.0, 98167.0, 152572.0], u'n_misfit': [0, 0, 0, 0, 0, 0], u'mosaicity': [0.55989999999999995, 0.52739999999999998, 0.59040000000000004, 0.55400000000000005, 0.57289999999999996, 0.56469999999999998]}, u'shell_statistics': {u'sig_ano': [0.0, 0.0, 0.0, 0.0, 0.0, 0.0, 0.0, 0.0, 0.0, 0.0, 0.0, 0.0, 0.0, 0.0, 0.0, 0.0, 0.0, 0.0, 0.0, 0.0], u'r_mrgdf': [-99.900000000000006, -99.900000000000006, -99.900000000000006, -99.900000000000006, -99.900000000000006, -99.900000000000006, -99.900000000000006, -99.900000000000006, -99.900000000000006, -99.900000000000006, -99.900000000000006, -99.900000000000006, -99.900000000000006, -99.900000000000006, -99.900000000000006, -99.900000000000006, -99.900000000000006, -99.900000000000006, -99.900000000000006, -99.900000000000006], u'shell': [10.57, 7.4800000000000004, 6.0999999999999996, 5.29, 4.7300000000000004, 4.3200000000000003, 4.0, 3.7400000000000002, 3.52, 3.3399999999999999, 3.1899999999999999, 3.0499999999999998, 2.9300000000000002, 2.8300000000000001, 2.73, 2.6400000000000001, 2.5600000000000001, 2.4900000000000002, 2.4300000000000002, 2.3599999999999999], u'completeness': [2.3999999999999999, 2.7999999999999998, 2.7999999999999998, 2.7000000000000002, 2.5, 2.3999999999999999, 2.2000000000000002, 2.1000000000000001, 2.1000000000000001, 1.8999999999999999, 1.7, 1.5, 1.6000000000000001, 1.1000000000000001, 0.80000000000000004, 0.59999999999999998, 0.5, 0.40000000000000002, 0.29999999999999999, 0.10000000000000001], u'cor_ano': [0, 0, 0, 0, 0, 0, 0, 0, 0, 0, 0, 0, 0, 0, 0, 0, 0, 0, 0, 0], u'r_meas': [-99.900000000000006, -99.900000000000006, -99.900000000000006, -99.900000000000006, -99.900000000000006, -99.900000000000006, -99.900000000000006, -99.900000000000006, -99.900000000000006, -99.900000000000006, -99.900000000000006, -99.900000000000006, -99.900000000000006, -99.900000000000006, -99.900000000000006, -99.900000000000006, -99.900000000000006, -99.900000000000006, -99.900000000000006, -99.900000000000006], u'i_sigma': [-99.0, -99.0, -99.0, -99.0, -99.0, -99.0, -99.0, -99.0, -99.0, -99.0, -99.0, -99.0, -99.0, -99.0, -99.0, -99.0, -99.0, -99.0, -99.0, -99.0]}, u'compatible_lattices': {u'volume': [966434.95387151325], u'unit_cell': [u' 84.1 110.8 111.1  86.1  71.1  80.7'], u'type': [u'aP'], u'id': [31], u'quality': [0.0]}, u'diff_statistics': {u'n_friedel': [3, 1], u'n_refl': [3, 1], u'rd': [0.062799999999999995, 0.051900000000000002], u'rd_non_friedel': [0.0, 0.0], u'rd_friedel': [0.062799999999999995, 0.051900000000000002], u'n_non_friedel': [0, 0], u'frame_diff': [2, 4]}}", 
         "sigma_spot": 1.52, 
         "mosaicity": 0.52700000000000002, 
         "unique": 4142, 
         "data": 13, 
         "cell_beta": 70.689999999999998, 
         "kind": 0, 
         "name": "dmso_bi_3", 
         "created": "2010-02-03 12:50:41", 
         "url": "/home/michel/tmp/dmso_bi_3-scrn", 
         "multiplicity": 1.0, 
         "cell_c": 110.90000000000001, 
         "cell_b": 110.90000000000001, 
         "cell_a": 83.959999999999994, 
         "project": 1, 
         "crystal": 1, 
         "reflections": 4142, 
         "ice_rings": 0, 
         "resolution": 2.3599999999999999
      }
   }, 
   {
      "pk": 11, 
      "model": "lims.result", 
      "fields": {
         "r_mrgdf": -99.900000000000006, 
         "cell_alpha": 85.75, 
         "cell_gamma": 80.030000000000001, 
         "sigma_angle": 0.23000000000000001, 
         "modified": "2010-02-03 12:52:53", 
         "completeness": 1.3999999999999999, 
         "score": 0.26318086375370198, 
         "r_meas": -99.900000000000006, 
         "space_group": 1, 
         "i_sigma": -99.0, 
         "experiment": 1, 
         "details": "{u'spacegroup_selection': {u'space_group': [1], u'probability': [1.0], u'name': [u'P1']}, u'overlap_analysis': {u'angle': [2.0800000000000001, 1.5600000000000001, 1.04, 0.52000000000000002], u'resolution': [4.0, 3.0, 2.0, 1.0]}, u'frame_statistics': {u'unique': [1571, 1450, 1419, 1496, 1408, 255], u'scale': [1.0069999999999999, 1.0029999999999999, 1.006, 1.012, 1.01, 1.006], u'overloads': [2, 0, 0, 0, 3, 0], u'r_meas': [0.066299999999999998, 0.0, 0.045699999999999998, 0.021000000000000001, 0.068500000000000005, 0.0], u'frame': [1, 2, 3, 4, 5, 6], u'divergence': [0.0315, 0.031899999999999998, 0.033000000000000002, 0.033000000000000002, 0.032500000000000001, 0.032099999999999997], u'i_sigma': [6.2999999999999998, 7.0099999999999998, 6.04, 7.2000000000000002, 6.0099999999999998, 4.4900000000000002], u'unexpected': [6, 5, 2, 28, 22, 33], u'reflections': [7388, 7388, 7422, 7397, 7363, 7428], u'corr': [0.0, 0.0, 0.0, 0.0, 0.0, 0.0], u'i_obs': [108669.0, 120647.0, 103640.0, 126271.0, 100014.0, 78555.0], u'n_misfit': [0, 0, 0, 0, 0, 0], u'mosaicity': [0.47949999999999998, 0.50749999999999995, 0.52580000000000005, 0.30840000000000001, 0.25269999999999998, 0.24010000000000001]}, u'shell_statistics': {u'sig_ano': [0.0, 0.0, 0.0, 0.0, 0.0, 0.0, 0.0, 0.0, 0.0, 0.0, 0.0, 0.0, 0.0, 0.0, 0.0, 0.0, 0.0, 0.0, 0.0, 0.0], u'r_mrgdf': [-99.900000000000006, -99.900000000000006, -99.900000000000006, -99.900000000000006, -99.900000000000006, -99.900000000000006, -99.900000000000006, -99.900000000000006, -99.900000000000006, -99.900000000000006, -99.900000000000006, -99.900000000000006, -99.900000000000006, -99.900000000000006, -99.900000000000006, -99.900000000000006, -99.900000000000006, -99.900000000000006, -99.900000000000006, -99.900000000000006], u'shell': [9.9600000000000009, 7.04, 5.75, 4.9800000000000004, 4.4500000000000002, 4.0700000000000003, 3.7599999999999998, 3.52, 3.3199999999999998, 3.1499999999999999, 3.0, 2.8799999999999999, 2.7599999999999998, 2.6600000000000001, 2.5699999999999998, 2.4900000000000002, 2.4199999999999999, 2.3500000000000001, 2.2799999999999998, 2.23], u'completeness': [2.7000000000000002, 3.0, 2.8999999999999999, 2.7000000000000002, 2.6000000000000001, 2.7000000000000002, 2.2000000000000002, 2.2999999999999998, 2.0, 1.7, 1.6000000000000001, 1.6000000000000001, 1.5, 1.2, 1.0, 0.69999999999999996, 0.59999999999999998, 0.5, 0.29999999999999999, 0.20000000000000001], u'cor_ano': [0, 0, 0, 0, 0, 0, 0, 0, 0, 0, 0, 0, 0, 0, 0, 0, 0, 0, 0, 0], u'r_meas': [-99.900000000000006, -99.900000000000006, -99.900000000000006, -99.900000000000006, -99.900000000000006, -99.900000000000006, -99.900000000000006, -99.900000000000006, -99.900000000000006, -99.900000000000006, -99.900000000000006, -99.900000000000006, -99.900000000000006, -99.900000000000006, -99.900000000000006, -99.900000000000006, -99.900000000000006, -99.900000000000006, -99.900000000000006, -99.900000000000006], u'i_sigma': [-99.0, -99.0, -99.0, -99.0, -99.0, -99.0, -99.0, -99.0, -99.0, -99.0, -99.0, -99.0, -99.0, -99.0, -99.0, -99.0, -99.0, -99.0, -99.0, -99.0]}, u'compatible_lattices': {u'volume': [998233.47809789097], u'unit_cell': [u' 85.0 111.6 112.4  85.4  80.6  71.7'], u'type': [u'aP'], u'id': [31], u'quality': [0.0]}, u'diff_statistics': {u'n_friedel': [2, 1, 5], u'n_refl': [2, 1, 5], u'rd': [0.064600000000000005, 0.029600000000000001, 0.098699999999999996], u'rd_non_friedel': [0.0, 0.0, 0.0], u'rd_friedel': [0.064600000000000005, 0.029600000000000001, 0.098699999999999996], u'n_non_friedel': [0, 0, 0], u'frame_diff': [2, 3, 4]}}", 
         "sigma_spot": 1.01, 
         "mosaicity": 0.35299999999999998, 
         "unique": 5190, 
         "data": 14, 
         "cell_beta": 71.489999999999995, 
         "kind": 0, 
         "name": "hjl1_1", 
         "created": "2010-02-03 12:52:53", 
         "url": "/home/michel/tmp/hjl1_1-scrn", 
         "multiplicity": 1.0, 
         "cell_c": 111.2, 
         "cell_b": 111.2, 
         "cell_a": 84.590000000000003, 
         "project": 1, 
         "crystal": 1, 
         "reflections": 5190, 
         "ice_rings": 4, 
         "resolution": 2.23
      }
   }, 
   {
      "pk": 12, 
      "model": "lims.result", 
      "fields": {
         "r_mrgdf": 6.4000000000000004, 
         "cell_alpha": 90.0, 
         "cell_gamma": 90.0, 
         "sigma_angle": 0.059999999999999998, 
         "modified": "2010-02-03 12:57:59", 
         "completeness": 14.0, 
         "score": 0.70553282832851005, 
         "r_meas": 5.7999999999999998, 
         "space_group": 89, 
         "i_sigma": 9.6500000000000004, 
         "experiment": 1, 
         "details": "{u'spacegroup_selection': {u'space_group': [89, 90, 91, 92, 93, 94, 95, 96], u'probability': [0.84499999999999997, 0.84499999999999997, 0.84499999999999997, 0.84499999999999997, 0.84499999999999997, 0.84499999999999997, 0.84499999999999997, 0.84499999999999997], u'name': [u'P422', u'P42(1)2', u'P4(1)22', u'P4(1)2(1)2', u'P4(2)22', u'P4(2)2(1)2', u'P4(3)22', u'P4(3)2(1)2']}, u'frame_statistics': {u'unique': [981, 942, 892, 967, 927, 915, 958, 908, 899, 168], u'scale': [1.01, 0.93600000000000005, 0.93100000000000005, 0.92900000000000005, 0.93000000000000005, 0.93100000000000005, 0.92500000000000004, 0.93000000000000005, 0.92800000000000005, 0.91900000000000004], u'overloads': [102, 98, 97, 94, 105, 122, 100, 106, 101, 108], u'r_meas': [0.088900000000000007, 0.092899999999999996, 0.046199999999999998, 0.085500000000000007, 0.054300000000000001, 0.052200000000000003, 0.057099999999999998, 0.090499999999999997, 0.056500000000000002, 0.063399999999999998], u'frame': [1, 2, 3, 4, 5, 6, 7, 8, 9, 10], u'divergence': [0.086499999999999994, 0.088400000000000006, 0.087800000000000003, 0.088999999999999996, 0.088599999999999998, 0.088099999999999998, 0.087099999999999997, 0.087900000000000006, 0.087300000000000003, 0.088200000000000001], u'i_sigma': [12.68, 12.609999999999999, 12.529999999999999, 12.529999999999999, 12.539999999999999, 12.640000000000001, 12.449999999999999, 12.380000000000001, 12.470000000000001, 12.279999999999999], u'unexpected': [19, 29, 12, 17, 17, 16, 11, 18, 8, 12], u'reflections': [8158, 8133, 8188, 8161, 8163, 8144, 8181, 8167, 8128, 8137], u'corr': [0.0, 0.0, 0.0, 0.0, 0.0, 0.0, 0.0, 0.0, 0.0, 0.0], u'i_obs': [48011.0, 44543.0, 41500.0, 41103.0, 42127.0, 45791.0, 39110.0, 37355.0, 39842.0, 39943.0], u'n_misfit': [0, 0, 0, 0, 0, 0, 0, 0, 0, 0], u'mosaicity': [0.27339999999999998, 0.2631, 0.2792, 0.28120000000000001, 0.26440000000000002, 0.28110000000000002, 0.28399999999999997, 0.28599999999999998, 0.29089999999999999, 0.2838]}, u'shell_statistics': {u'sig_ano': [0.0, 0.0, 0.0, 0.0, 0.0, 0.0, 0.0, 0.0, 0.0, 0.0, 0.0, 0.0, 0.0, 0.0, 0.0, 0.0, 0.0, 0.0, 0.0, 0.0], u'r_mrgdf': [3.7999999999999998, 2.7000000000000002, 3.2000000000000002, 3.2999999999999998, 3.3999999999999999, 6.4000000000000004, 4.4000000000000004, 4.5999999999999996, 4.9000000000000004, 3.8999999999999999, 7.2000000000000002, 4.2999999999999998, 7.5999999999999996, 7.7000000000000002, 12.0, 15.6, 17.5, 22.399999999999999, 34.200000000000003, 42.0], u'shell': [5.3799999999999999, 3.7999999999999998, 3.1099999999999999, 2.6899999999999999, 2.4100000000000001, 2.2000000000000002, 2.0299999999999998, 1.8999999999999999, 1.79, 1.7, 1.6200000000000001, 1.55, 1.49, 1.4399999999999999, 1.3899999999999999, 1.3400000000000001, 1.3, 1.27, 1.23, 1.2], u'completeness': [5.7999999999999998, 5.5999999999999996, 8.5999999999999996, 16.300000000000001, 18.199999999999999, 18.800000000000001, 18.800000000000001, 19.100000000000001, 18.800000000000001, 18.399999999999999, 18.600000000000001, 18.300000000000001, 18.100000000000001, 17.699999999999999, 17.699999999999999, 15.1, 10.800000000000001, 7.2000000000000002, 4.7999999999999998, 2.3999999999999999], u'cor_ano': [0, 0, 0, 0, 0, 0, 0, 0, 0, 0, 0, 0, 0, 0, 0, 0, 0, 0, 0, 0], u'r_meas': [5.2000000000000002, 3.5, 4.2999999999999998, 4.4000000000000004, 3.5, 9.0, 5.7999999999999998, 6.9000000000000004, 6.9000000000000004, 4.7999999999999998, 9.9000000000000004, 5.0, 8.3000000000000007, 7.0, 10.1, 13.0, 16.300000000000001, 16.5, 22.600000000000001, 43.399999999999999], u'i_sigma': [13.59, 13.880000000000001, 14.43, 13.56, 13.35, 13.19, 12.800000000000001, 12.35, 11.67, 11.029999999999999, 10.289999999999999, 9.5899999999999999, 8.6099999999999994, 7.7800000000000002, 6.96, 6.29, 5.7999999999999998, 5.1200000000000001, 4.3499999999999996, 3.8999999999999999]}, u'compatible_lattices': {u'volume': [231794.28695666383, 231794.28695666383, 231794.28695666383, 463713.60000000003, 463713.60000000003, 463713.60000000003, 231794.28695666383, 231794.28695666383, 231794.28695666383, 231794.28695666383], u'unit_cell': [u' 37.0  79.1  79.2  90.1  90.0  90.0', u' 37.0  79.1  79.2  89.9  90.0  90.0', u' 79.1  37.0  79.2  90.0  90.1  90.0', u'111.9 112.0  37.0  90.0  90.0  90.0', u'111.9 112.0  37.0  90.0  90.0  90.0', u'112.0 111.9  37.0  90.0  90.0  90.0', u' 37.0  79.2  79.1  90.1  90.0  90.0', u' 37.0  79.1  79.2  90.1  90.0  90.0', u' 37.0  79.1  79.2  90.1  90.0  90.0', u' 79.1  79.2  37.0  90.0  90.0  90.1'], u'type': [u'aP', u'aP', u'mP', u'mC', u'oC', u'mC', u'mP', u'mP', u'oP', u'tP'], u'id': [44, 31, 35, 25, 23, 20, 34, 33, 32, 21], u'quality': [0.0, 0.10000000000000001, 0.40000000000000002, 1.6000000000000001, 1.8, 1.8999999999999999, 2.7999999999999998, 3.0, 3.1000000000000001, 4.5]}, u'diff_statistics': {u'n_friedel': [9, 16, 32, 110, 114, 72, 51, 26, 22, 9], u'n_refl': [50, 97, 132, 166, 171, 114, 88, 55, 30, 9], u'rd': [0.055599999999999997, 0.073599999999999999, 0.073599999999999999, 0.13350000000000001, 0.085800000000000001, 0.075600000000000001, 0.17150000000000001, 0.10440000000000001, 0.1482, 0.1032], u'rd_non_friedel': [0.048800000000000003, 0.069599999999999995, 0.070599999999999996, 0.082600000000000007, 0.095399999999999999, 0.080000000000000002, 0.1118, 0.1555, 0.23219999999999999, 0.0], u'rd_friedel': [0.114, 0.13170000000000001, 0.097299999999999998, 0.1608, 0.079899999999999999, 0.072999999999999995, 0.18790000000000001, 0.077200000000000005, 0.1225, 0.1032], u'n_non_friedel': [41, 81, 100, 56, 57, 42, 37, 29, 8, 0], u'frame_diff': [0, 1, 2, 3, 4, 5, 6, 7, 8, 9]}, u'output_files': [u'test90.cns', u'test90.shelx', u'test90.mtz']}", 
         "sigma_spot": 0.85999999999999999, 
         "mosaicity": 0.188, 
         "unique": 9737, 
         "data": 16, 
         "cell_beta": 90.0, 
         "kind": 1, 
         "name": "test90", 
         "created": "2010-02-03 12:57:59", 
         "url": "/home/michel/tmp/test90-proc", 
         "multiplicity": 1.04580466262709, 
         "cell_c": 37.009999999999998, 
         "cell_b": 79.140000000000001, 
         "cell_a": 79.140000000000001, 
         "project": 1, 
         "crystal": 1, 
         "reflections": 10183, 
         "ice_rings": -1, 
         "resolution": 1.2
      }
   }, 
   {
      "pk": 1, 
      "model": "lims.strategy", 
      "fields": {
         "exposure_time": 779.745, 
         "distance": 369.38999999999999, 
         "two_theta": 0.0, 
         "attenuation": 0.0, 
         "name": "", 
         "start_angle": 162.0, 
         "total_angle": 242.19999999999999, 
         "energy": 12.657999999999999, 
         "created": "2010-02-03 12:28:06", 
         "status": 0, 
         "modified": "2010-02-03 12:28:06", 
         "project": 1, 
         "exp_completeness": 99.200000000000003, 
         "exp_r_factor": 2.0, 
         "exp_multiplicity": 1.3500000000000001, 
         "result": 1, 
         "exp_resolution": 3.3500000000000001, 
         "exp_i_sigma": 31.300000000000001, 
         "delta_angle": 0.34999999999999998
      }
   }, 
   {
      "pk": 2, 
      "model": "lims.strategy", 
      "fields": {
         "exposure_time": 14.246, 
         "distance": 305.37, 
         "two_theta": 0.0, 
         "attenuation": 0.0, 
         "name": "", 
         "start_angle": 46.0, 
         "total_angle": 206.0, 
         "energy": 12.657999999999999, 
         "created": "2010-02-03 12:30:15", 
         "status": 0, 
         "modified": "2010-02-03 12:30:15", 
         "project": 1, 
         "exp_completeness": 98.200000000000003, 
         "exp_r_factor": 5.2999999999999998, 
         "exp_multiplicity": 1.1599999999999999, 
         "result": 2, 
         "exp_resolution": 2.8100000000000001, 
         "exp_i_sigma": 11.0, 
         "delta_angle": 0.20000000000000001
      }
   }, 
   {
      "pk": 3, 
      "model": "lims.strategy", 
      "fields": {
         "exposure_time": 22.579999999999998, 
         "distance": 310.07999999999998, 
         "two_theta": 0.0, 
         "attenuation": 0.0, 
         "name": "", 
         "start_angle": 74.0, 
         "total_angle": 207.34999999999999, 
         "energy": 12.657999999999999, 
         "created": "2010-02-03 12:31:57", 
         "status": 0, 
         "modified": "2010-02-03 12:31:57", 
         "project": 1, 
         "exp_completeness": 98.200000000000003, 
         "exp_r_factor": 4.5999999999999996, 
         "exp_multiplicity": 1.1599999999999999, 
         "result": 3, 
         "exp_resolution": 2.8500000000000001, 
         "exp_i_sigma": 12.6, 
         "delta_angle": 0.55000000000000004
      }
   }, 
   {
      "pk": 4, 
      "model": "lims.strategy", 
      "fields": {
         "exposure_time": 24.437999999999999, 
         "distance": 312.41000000000003, 
         "two_theta": 0.0, 
         "attenuation": 0.0, 
         "name": "", 
         "start_angle": 174.0, 
         "total_angle": 205.0, 
         "energy": 12.657999999999999, 
         "created": "2010-02-03 12:38:04", 
         "status": 0, 
         "modified": "2010-02-03 12:38:04", 
         "project": 1, 
         "exp_completeness": 98.200000000000003, 
         "exp_r_factor": 4.4000000000000004, 
         "exp_multiplicity": 1.1499999999999999, 
         "result": 4, 
         "exp_resolution": 2.8599999999999999, 
         "exp_i_sigma": 13.4, 
         "delta_angle": 0.20000000000000001
      }
   }, 
   {
      "pk": 5, 
      "model": "lims.strategy", 
      "fields": {
         "exposure_time": 3.1379999999999999, 
         "distance": 286.0, 
         "two_theta": 0.0, 
         "attenuation": 0.0, 
         "name": "", 
         "start_angle": 40.0, 
         "total_angle": 144.0, 
         "energy": 12.657999999999999, 
         "created": "2010-02-03 12:40:03", 
         "status": 0, 
         "modified": "2010-02-03 12:40:03", 
         "project": 1, 
         "exp_completeness": 99.200000000000003, 
         "exp_r_factor": 5.2000000000000002, 
         "exp_multiplicity": 1.5900000000000001, 
         "result": 5, 
         "exp_resolution": 2.6400000000000001, 
         "exp_i_sigma": 12.699999999999999, 
         "delta_angle": 0.5
      }
   }, 
   {
      "pk": 6, 
      "model": "lims.strategy", 
      "fields": {
         "exposure_time": 484.63200000000001, 
         "distance": 335.81, 
         "two_theta": 0.0, 
         "attenuation": 0.0, 
         "name": "", 
         "start_angle": 150.0, 
         "total_angle": 202.0, 
         "energy": 12.657999999999999, 
         "created": "2010-02-03 12:42:17", 
         "status": 0, 
         "modified": "2010-02-03 12:42:17", 
         "project": 1, 
         "exp_completeness": 98.200000000000003, 
         "exp_r_factor": 2.0, 
         "exp_multiplicity": 1.1399999999999999, 
         "result": 6, 
         "exp_resolution": 3.0600000000000001, 
         "exp_i_sigma": 29.800000000000001, 
         "delta_angle": 0.20000000000000001
      }
   }, 
   {
      "pk": 7, 
      "model": "lims.strategy", 
      "fields": {
         "exposure_time": 354.221, 
         "distance": 381.66000000000003, 
         "two_theta": 0.0, 
         "attenuation": 0.0, 
         "name": "", 
         "start_angle": 23.0, 
         "total_angle": 313.25, 
         "energy": 12.657999999999999, 
         "created": "2010-02-03 12:44:17", 
         "status": 0, 
         "modified": "2010-02-03 12:44:17", 
         "project": 1, 
         "exp_completeness": 99.400000000000006, 
         "exp_r_factor": 2.0, 
         "exp_multiplicity": 1.74, 
         "result": 7, 
         "exp_resolution": 3.4500000000000002, 
         "exp_i_sigma": 35.200000000000003, 
         "delta_angle": 0.34999999999999998
      }
   }, 
   {
      "pk": 8, 
      "model": "lims.strategy", 
      "fields": {
         "exposure_time": 426.959, 
         "distance": 336.19, 
         "two_theta": 0.0, 
         "attenuation": 0.0, 
         "name": "", 
         "start_angle": 117.0, 
         "total_angle": 279.0, 
         "energy": 12.657999999999999, 
         "created": "2010-02-03 12:46:24", 
         "status": 0, 
         "modified": "2010-02-03 12:46:24", 
         "project": 1, 
         "exp_completeness": 99.200000000000003, 
         "exp_r_factor": 2.0, 
         "exp_multiplicity": 1.55, 
         "result": 8, 
         "exp_resolution": 3.0600000000000001, 
         "exp_i_sigma": 34.399999999999999, 
         "delta_angle": 0.20000000000000001
      }
   }, 
   {
      "pk": 9, 
      "model": "lims.strategy", 
      "fields": {
         "exposure_time": 1578.3499999999999, 
         "distance": 363.08999999999997, 
         "two_theta": 0.0, 
         "attenuation": 0.0, 
         "name": "", 
         "start_angle": 176.0, 
         "total_angle": 206.09999999999999, 
         "energy": 12.657999999999999, 
         "created": "2010-02-03 12:48:20", 
         "status": 0, 
         "modified": "2010-02-03 12:48:20", 
         "project": 1, 
         "exp_completeness": 98.599999999999994, 
         "exp_r_factor": 2.0, 
         "exp_multiplicity": 1.1599999999999999, 
         "result": 9, 
         "exp_resolution": 3.29, 
         "exp_i_sigma": 29.600000000000001, 
         "delta_angle": 0.29999999999999999
      }
   }, 
   {
      "pk": 10, 
      "model": "lims.strategy", 
      "fields": {
         "exposure_time": 86.307000000000002, 
         "distance": 330.24000000000001, 
         "two_theta": 0.0, 
         "attenuation": 0.0, 
         "name": "", 
         "start_angle": 69.0, 
         "total_angle": 203.0, 
         "energy": 12.657999999999999, 
         "created": "2010-02-03 12:50:41", 
         "status": 0, 
         "modified": "2010-02-03 12:50:41", 
         "project": 1, 
         "exp_completeness": 98.200000000000003, 
         "exp_r_factor": 2.1000000000000001, 
         "exp_multiplicity": 1.1399999999999999, 
         "result": 10, 
         "exp_resolution": 3.0099999999999998, 
         "exp_i_sigma": 28.300000000000001, 
         "delta_angle": 0.20000000000000001
      }
   }, 
   {
      "pk": 11, 
      "model": "lims.strategy", 
      "fields": {
         "exposure_time": 198.273, 
         "distance": 323.12, 
         "two_theta": 0.0, 
         "attenuation": 0.0, 
         "name": "", 
         "start_angle": 89.0, 
         "total_angle": 255.15000000000001, 
         "energy": 12.657999999999999, 
         "created": "2010-02-03 12:52:53", 
         "status": 0, 
         "modified": "2010-02-03 12:52:53", 
         "project": 1, 
         "exp_completeness": 99.099999999999994, 
         "exp_r_factor": 2.0, 
         "exp_multiplicity": 1.4199999999999999, 
         "result": 11, 
         "exp_resolution": 2.9500000000000002, 
         "exp_i_sigma": 32.100000000000001, 
         "delta_angle": 0.34999999999999998
      }
   }
]

